drugname,species,rule_id,rule_version,rule,original_rule,inferred,source
Carbapenem,Acinetobacter baumannii,AMRrules-ACI0002,AMRrules-downloaded-2026-08-28,"(  contains_any(row.abritamr_accession_key,'WP_001046004.1'))",blaOXA-23,Resistant (nonwildtype),AMRrules (PMID: 10602749)
Carbapenem,Acinetobacter baumannii,AMRrules-ACI0003,AMRrules-downloaded-2026-08-28,"(  contains_any(row.abritamr_accession_key,'WP_063862443.1'))",blaOXA-27,Resistant (nonwildtype),AMRrules (PMID: 11158758)
Carbapenem,Acinetobacter baumannii,AMRrules-ACI0004,AMRrules-downloaded-2026-08-28,"(  contains_any(row.abritamr_accession_key,'WP_063864111.1'))",blaOXA-49,Resistant (nonwildtype),AMRrules (PMID: 22842601)
Carbapenem,Acinetobacter baumannii,AMRrules-ACI0005,AMRrules-downloaded-2026-08-28,"(  contains_any(row.abritamr_accession_key,'WP_063861044.1'))",blaOXA-146,Resistant (nonwildtype),AMRrules (PMID: 23877677)
Carbapenem,Acinetobacter baumannii,AMRrules-ACI0006,AMRrules-downloaded-2026-08-28,"(  contains_any(row.abritamr_accession_key,'WP_063861123.1'))",blaOXA-165,Resistant (nonwildtype),AMRrules
Carbapenem,Acinetobacter baumannii,AMRrules-ACI0007,AMRrules-downloaded-2026-08-28,"(  contains_any(row.abritamr_accession_key,'WP_063861129.1'))",blaOXA-166,Resistant (nonwildtype),AMRrules
Carbapenem,Acinetobacter baumannii,AMRrules-ACI0008,AMRrules-downloaded-2026-08-28,"(  contains_any(row.abritamr_accession_key,'WP_063861133.1'))",blaOXA-167,Resistant (nonwildtype),AMRrules
Carbapenem,Acinetobacter baumannii,AMRrules-ACI0009,AMRrules-downloaded-2026-08-28,"(  contains_any(row.abritamr_accession_key,'WP_063861136.1'))",blaOXA-168,Resistant (nonwildtype),AMRrules
Carbapenem,Acinetobacter baumannii,AMRrules-ACI0010,AMRrules-downloaded-2026-08-28,"(  contains_any(row.abritamr_accession_key,'WP_063861140.1'))",blaOXA-169,Resistant (nonwildtype),AMRrules
Carbapenem,Acinetobacter baumannii,AMRrules-ACI0011,AMRrules-downloaded-2026-08-28,"(  contains_any(row.abritamr_accession_key,'WP_063861151.1'))",blaOXA-170,Resistant (nonwildtype),AMRrules
Carbapenem,Acinetobacter baumannii,AMRrules-ACI0012,AMRrules-downloaded-2026-08-28,"(  contains_any(row.abritamr_accession_key,'WP_063861157.1'))",blaOXA-171,Resistant (nonwildtype),AMRrules
Carbapenem,Acinetobacter baumannii,AMRrules-ACI0013,AMRrules-downloaded-2026-08-28,"(  contains_any(row.abritamr_accession_key,'WP_063861820.1'))",blaOXA-225,Resistant (nonwildtype),AMRrules
Carbapenem,Acinetobacter baumannii,AMRrules-ACI0014,AMRrules-downloaded-2026-08-28,"(  contains_any(row.abritamr_accession_key,'WP_063862190.1'))",blaOXA-239,Resistant (nonwildtype),AMRrules
Carbapenem,Acinetobacter baumannii,AMRrules-ACI0015,AMRrules-downloaded-2026-08-28,"(  contains_any(row.abritamr_accession_key,'WP_063862736.1'))",blaOXA-366,Resistant (nonwildtype),AMRrules
Carbapenem,Acinetobacter baumannii,AMRrules-ACI0016,AMRrules-downloaded-2026-08-28,"(  contains_any(row.abritamr_accession_key,'WP_063862757.1'))",blaOXA-398,Resistant (nonwildtype),AMRrules
Carbapenem,Acinetobacter baumannii,AMRrules-ACI0017,AMRrules-downloaded-2026-08-28,"(  contains_any(row.abritamr_accession_key,'WP_063862828.1'))",blaOXA-422,Resistant (nonwildtype),AMRrules
Carbapenem,Acinetobacter baumannii,AMRrules-ACI0018,AMRrules-downloaded-2026-08-28,"(  contains_any(row.abritamr_accession_key,'WP_063862833.1'))",blaOXA-423,Resistant (nonwildtype),AMRrules
Carbapenem,Acinetobacter baumannii,AMRrules-ACI0019,AMRrules-downloaded-2026-08-28,"(  contains_any(row.abritamr_accession_key,'WP_063864078.1'))",blaOXA-435,Resistant (nonwildtype),AMRrules
Carbapenem,Acinetobacter baumannii,AMRrules-ACI0020,AMRrules-downloaded-2026-08-28,"(  contains_any(row.abritamr_accession_key,'WP_063864082.1'))",blaOXA-440,Resistant (nonwildtype),AMRrules
Carbapenem,Acinetobacter baumannii,AMRrules-ACI0021,AMRrules-downloaded-2026-08-28,"(  contains_any(row.abritamr_accession_key,'WP_063864108.1'))",blaOXA-482,Resistant (nonwildtype),AMRrules
Carbapenem,Acinetobacter baumannii,AMRrules-ACI0022,AMRrules-downloaded-2026-08-28,"(  contains_any(row.abritamr_accession_key,'WP_063864109.1'))",blaOXA-483,Resistant (nonwildtype),AMRrules
Carbapenem,Acinetobacter baumannii,AMRrules-ACI0023,AMRrules-downloaded-2026-08-28,"(  contains_any(row.abritamr_accession_key,'WP_085562421.1'))",blaOXA-565,Resistant (nonwildtype),AMRrules
Carbapenem,Acinetobacter baumannii,AMRrules-ACI0024,AMRrules-downloaded-2026-08-28,"(  contains_any(row.abritamr_accession_key,'WP_111672907.1'))",blaOXA-657,Resistant (nonwildtype),AMRrules
Carbapenem,Acinetobacter baumannii,AMRrules-ACI0025,AMRrules-downloaded-2026-08-28,"(  contains_any(row.abritamr_accession_key,'WP_168247884.1'))",blaOXA-911,Resistant (nonwildtype),AMRrules
Carbapenem,Acinetobacter baumannii,AMRrules-ACI0026,AMRrules-downloaded-2026-08-28,"(  contains_any(row.abritamr_accession_key,'WP_311033317.1'))",blaOXA-1216,Resistant (nonwildtype),AMRrules
Carbapenem,Acinetobacter baumannii,AMRrules-ACI0027,AMRrules-downloaded-2026-08-28,"(  contains_any(row.abritamr_accession_key,'WP_318245554.1'))",blaOXA-1223,Resistant (nonwildtype),AMRrules
Carbapenem,Acinetobacter baumannii,AMRrules-ACI0028,AMRrules-downloaded-2026-08-28,"(  contains_any(row.abritamr_accession_key,'WP_367187965.1'))",blaOXA-1241,Resistant (nonwildtype),AMRrules
Carbapenem,Acinetobacter baumannii,AMRrules-ACI0030,AMRrules-downloaded-2026-08-28,"(  contains_any(row.abritamr_accession_key,'WP_012754353.1'))",blaOXA-24,Resistant (nonwildtype),"AMRrules (PMID: 12499201, 10817708, 21041501)"
Carbapenem,Acinetobacter baumannii,AMRrules-ACI0031,AMRrules-downloaded-2026-08-28,"(  contains_any(row.abritamr_accession_key,'WP_000713530.1'))",blaOXA-72,Resistant (nonwildtype),"AMRrules (PMID: 17846127, 21041501)"
Carbapenem,Acinetobacter baumannii,AMRrules-ACI0033,AMRrules-downloaded-2026-08-28,"(  contains_any(row.abritamr_accession_key,'WP_002002480.1'))",blaOXA-58,Resistant (nonwildtype),AMRrules (PMID: 15616297)
Carbapenem,Acinetobacter baumannii,AMRrules-ACI0034,AMRrules-downloaded-2026-08-28,"(  contains_any(row.abritamr_accession_key,'WP_063864543.1'))",blaOXA-96,Resistant (nonwildtype),AMRrules (PMID: 17284537)
Carbapenem,Acinetobacter baumannii,AMRrules-ACI0035,AMRrules-downloaded-2026-08-28,"(  contains_any(row.abritamr_accession_key,'WP_063864544.1'))",blaOXA-97,Resistant (nonwildtype),AMRrules (PMID: 18299404)
Carbapenem,Acinetobacter baumannii,AMRrules-ACI0036,AMRrules-downloaded-2026-08-28,"(  contains_any(row.abritamr_accession_key,'WP_063861121.1'))",blaOXA-164,Resistant (nonwildtype),AMRrules (PMID: 20921306)
Carbapenem,Acinetobacter baumannii,AMRrules-ACI0037,AMRrules-downloaded-2026-08-28,"(  contains_any(row.abritamr_accession_key,'WP_000854009.1'))",blaOXA-235,Resistant (nonwildtype),AMRrules (PMID: 23439638)
Carbapenem,Acinetobacter baumannii,AMRrules-ACI0038,AMRrules-downloaded-2026-08-28,"(  contains_any(row.abritamr_accession_key,'WP_063862170.1'))",blaOXA-236,Resistant (nonwildtype),AMRrules (PMID: 23439638)
Carbapenem,Acinetobacter baumannii,AMRrules-ACI0039,AMRrules-downloaded-2026-08-28,"(  contains_any(row.abritamr_accession_key,'WP_000854010.1'))",blaOXA-237,Resistant (nonwildtype),AMRrules (PMID: 23439638)
Carbapenem,Acinetobacter baumannii,AMRrules-ACI0042,AMRrules-downloaded-2026-08-28,"(  contains_any(row.abritamr_accession_key,'WP_063861042.1'))",blaOXA-143,Resistant (nonwildtype),AMRrules (PMID: 19770279)
Carbapenem,Acinetobacter baumannii,AMRrules-ACI0043,AMRrules-downloaded-2026-08-28,"(  contains_any(row.abritamr_accession_key,'WP_063861266.1'))",blaOXA-182,Resistant (nonwildtype),AMRrules (PMID: 20884158)
Carbapenem,Acinetobacter baumannii,AMRrules-ACI0044,AMRrules-downloaded-2026-08-28,"(  contains_any(row.abritamr_accession_key,'WP_063862128.1'))",blaOXA-231,Resistant (nonwildtype),"AMRrules (PMID: 22736746, 24566181)"
Carbapenem,Acinetobacter baumannii,AMRrules-ACI0045,AMRrules-downloaded-2026-08-28,"(  contains_any(row.abritamr_accession_key,'WP_032495764.1'))",blaOXA-253,Resistant (nonwildtype),AMRrules (PMID: 24566181)
Carbapenem,Acinetobacter baumannii,AMRrules-ACI0047,AMRrules-downloaded-2026-08-28,"(  contains_any(row.abritamr_accession_key,'WP_004201164.1'))",blaNDM-1,Resistant (nonwildtype),AMRrules (PMID: 21693460)
Carbapenem,Acinetobacter baumannii,AMRrules-ACI0048,AMRrules-downloaded-2026-08-28,"(  contains_any(row.abritamr_accession_key,'WP_063860860.1'))",blaNDM-2,Resistant (nonwildtype),AMRrules (PMID: 21427107)
Carbapenem,Acinetobacter baumannii,AMRrules-ACI0049,AMRrules-downloaded-2026-08-28,"(  contains_any(row.abritamr_accession_key,'WP_032495384.1'))",blaNDM-6,Resistant (nonwildtype),AMRrules (PMID: 33240245)
Imipenem,Acinetobacter baumannii,AMRrules-ACI0052,AMRrules-downloaded-2026-08-28,"(  contains_any(row.abritamr_accession_key,'WP_001046004.1'))",blaOXA-23,Resistant (nonwildtype),AMRrules (PMID: 10602749)
Meropenem,Acinetobacter baumannii,AMRrules-ACI0053,AMRrules-downloaded-2026-08-28,"(  contains_any(row.abritamr_accession_key,'WP_001046004.1'))",blaOXA-23,Resistant (nonwildtype),AMRrules (PMID: 10602749)
Imipenem,Acinetobacter baumannii,AMRrules-ACI0054,AMRrules-downloaded-2026-08-28,"(  contains_any(row.abritamr_accession_key,'WP_063862443.1'))",blaOXA-27,Resistant (nonwildtype),AMRrules (PMID: 11158758)
Meropenem,Acinetobacter baumannii,AMRrules-ACI0055,AMRrules-downloaded-2026-08-28,"(  contains_any(row.abritamr_accession_key,'WP_063862443.1'))",blaOXA-27,Resistant (nonwildtype),AMRrules (PMID: 11158758)
Imipenem,Acinetobacter baumannii,AMRrules-ACI0056,AMRrules-downloaded-2026-08-28,"(  contains_any(row.abritamr_accession_key,'WP_063864111.1'))",blaOXA-49,Resistant (nonwildtype),AMRrules (PMID: 22842601)
Meropenem,Acinetobacter baumannii,AMRrules-ACI0057,AMRrules-downloaded-2026-08-28,"(  contains_any(row.abritamr_accession_key,'WP_063864111.1'))",blaOXA-49,Resistant (nonwildtype),AMRrules (PMID: 22842601)
Imipenem,Acinetobacter baumannii,AMRrules-ACI0058,AMRrules-downloaded-2026-08-28,"(  contains_any(row.abritamr_accession_key,'WP_063861044.1'))",blaOXA-146,Resistant (nonwildtype),AMRrules (PMID: 23877677)
Meropenem,Acinetobacter baumannii,AMRrules-ACI0059,AMRrules-downloaded-2026-08-28,"(  contains_any(row.abritamr_accession_key,'WP_063861044.1'))",blaOXA-146,Resistant (nonwildtype),AMRrules (PMID: 23877677)
Imipenem,Acinetobacter baumannii,AMRrules-ACI0060,AMRrules-downloaded-2026-08-28,"(  contains_any(row.abritamr_accession_key,'WP_063861123.1'))",blaOXA-165,Resistant (nonwildtype),AMRrules
Meropenem,Acinetobacter baumannii,AMRrules-ACI0061,AMRrules-downloaded-2026-08-28,"(  contains_any(row.abritamr_accession_key,'WP_063861123.1'))",blaOXA-165,Resistant (nonwildtype),AMRrules
Imipenem,Acinetobacter baumannii,AMRrules-ACI0062,AMRrules-downloaded-2026-08-28,"(  contains_any(row.abritamr_accession_key,'WP_063861129.1'))",blaOXA-166,Resistant (nonwildtype),AMRrules
Meropenem,Acinetobacter baumannii,AMRrules-ACI0063,AMRrules-downloaded-2026-08-28,"(  contains_any(row.abritamr_accession_key,'WP_063861129.1'))",blaOXA-166,Resistant (nonwildtype),AMRrules
Imipenem,Acinetobacter baumannii,AMRrules-ACI0064,AMRrules-downloaded-2026-08-28,"(  contains_any(row.abritamr_accession_key,'WP_063861133.1'))",blaOXA-167,Resistant (nonwildtype),AMRrules
Meropenem,Acinetobacter baumannii,AMRrules-ACI0065,AMRrules-downloaded-2026-08-28,"(  contains_any(row.abritamr_accession_key,'WP_063861133.1'))",blaOXA-167,Resistant (nonwildtype),AMRrules
Imipenem,Acinetobacter baumannii,AMRrules-ACI0066,AMRrules-downloaded-2026-08-28,"(  contains_any(row.abritamr_accession_key,'WP_063861136.1'))",blaOXA-168,Resistant (nonwildtype),AMRrules
Meropenem,Acinetobacter baumannii,AMRrules-ACI0067,AMRrules-downloaded-2026-08-28,"(  contains_any(row.abritamr_accession_key,'WP_063861136.1'))",blaOXA-168,Resistant (nonwildtype),AMRrules
Imipenem,Acinetobacter baumannii,AMRrules-ACI0068,AMRrules-downloaded-2026-08-28,"(  contains_any(row.abritamr_accession_key,'WP_063861140.1'))",blaOXA-169,Resistant (nonwildtype),AMRrules
Meropenem,Acinetobacter baumannii,AMRrules-ACI0069,AMRrules-downloaded-2026-08-28,"(  contains_any(row.abritamr_accession_key,'WP_063861140.1'))",blaOXA-169,Resistant (nonwildtype),AMRrules
Imipenem,Acinetobacter baumannii,AMRrules-ACI0070,AMRrules-downloaded-2026-08-28,"(  contains_any(row.abritamr_accession_key,'WP_063861151.1'))",blaOXA-170,Resistant (nonwildtype),AMRrules
Meropenem,Acinetobacter baumannii,AMRrules-ACI0071,AMRrules-downloaded-2026-08-28,"(  contains_any(row.abritamr_accession_key,'WP_063861151.1'))",blaOXA-170,Resistant (nonwildtype),AMRrules
Imipenem,Acinetobacter baumannii,AMRrules-ACI0072,AMRrules-downloaded-2026-08-28,"(  contains_any(row.abritamr_accession_key,'WP_063861157.1'))",blaOXA-171,Resistant (nonwildtype),AMRrules
Meropenem,Acinetobacter baumannii,AMRrules-ACI0073,AMRrules-downloaded-2026-08-28,"(  contains_any(row.abritamr_accession_key,'WP_063861157.1'))",blaOXA-171,Resistant (nonwildtype),AMRrules
Imipenem,Acinetobacter baumannii,AMRrules-ACI0074,AMRrules-downloaded-2026-08-28,"(  contains_any(row.abritamr_accession_key,'WP_063861820.1'))",blaOXA-225,Resistant (nonwildtype),AMRrules
Meropenem,Acinetobacter baumannii,AMRrules-ACI0075,AMRrules-downloaded-2026-08-28,"(  contains_any(row.abritamr_accession_key,'WP_063861820.1'))",blaOXA-225,Resistant (nonwildtype),AMRrules
Imipenem,Acinetobacter baumannii,AMRrules-ACI0076,AMRrules-downloaded-2026-08-28,"(  contains_any(row.abritamr_accession_key,'WP_063862190.1'))",blaOXA-239,Resistant (nonwildtype),AMRrules
Meropenem,Acinetobacter baumannii,AMRrules-ACI0077,AMRrules-downloaded-2026-08-28,"(  contains_any(row.abritamr_accession_key,'WP_063862190.1'))",blaOXA-239,Resistant (nonwildtype),AMRrules
Imipenem,Acinetobacter baumannii,AMRrules-ACI0078,AMRrules-downloaded-2026-08-28,"(  contains_any(row.abritamr_accession_key,'WP_063862736.1'))",blaOXA-366,Resistant (nonwildtype),AMRrules
Meropenem,Acinetobacter baumannii,AMRrules-ACI0079,AMRrules-downloaded-2026-08-28,"(  contains_any(row.abritamr_accession_key,'WP_063862736.1'))",blaOXA-366,Resistant (nonwildtype),AMRrules
Imipenem,Acinetobacter baumannii,AMRrules-ACI0080,AMRrules-downloaded-2026-08-28,"(  contains_any(row.abritamr_accession_key,'WP_063862757.1'))",blaOXA-398,Resistant (nonwildtype),AMRrules
Meropenem,Acinetobacter baumannii,AMRrules-ACI0081,AMRrules-downloaded-2026-08-28,"(  contains_any(row.abritamr_accession_key,'WP_063862757.1'))",blaOXA-398,Resistant (nonwildtype),AMRrules
Imipenem,Acinetobacter baumannii,AMRrules-ACI0082,AMRrules-downloaded-2026-08-28,"(  contains_any(row.abritamr_accession_key,'WP_063862828.1'))",blaOXA-422,Resistant (nonwildtype),AMRrules
Meropenem,Acinetobacter baumannii,AMRrules-ACI0083,AMRrules-downloaded-2026-08-28,"(  contains_any(row.abritamr_accession_key,'WP_063862828.1'))",blaOXA-422,Resistant (nonwildtype),AMRrules
Imipenem,Acinetobacter baumannii,AMRrules-ACI0084,AMRrules-downloaded-2026-08-28,"(  contains_any(row.abritamr_accession_key,'WP_063862833.1'))",blaOXA-423,Resistant (nonwildtype),AMRrules
Meropenem,Acinetobacter baumannii,AMRrules-ACI0085,AMRrules-downloaded-2026-08-28,"(  contains_any(row.abritamr_accession_key,'WP_063862833.1'))",blaOXA-423,Resistant (nonwildtype),AMRrules
Imipenem,Acinetobacter baumannii,AMRrules-ACI0086,AMRrules-downloaded-2026-08-28,"(  contains_any(row.abritamr_accession_key,'WP_063864078.1'))",blaOXA-435,Resistant (nonwildtype),AMRrules
Meropenem,Acinetobacter baumannii,AMRrules-ACI0087,AMRrules-downloaded-2026-08-28,"(  contains_any(row.abritamr_accession_key,'WP_063864078.1'))",blaOXA-435,Resistant (nonwildtype),AMRrules
Imipenem,Acinetobacter baumannii,AMRrules-ACI0088,AMRrules-downloaded-2026-08-28,"(  contains_any(row.abritamr_accession_key,'WP_063864082.1'))",blaOXA-440,Resistant (nonwildtype),AMRrules
Meropenem,Acinetobacter baumannii,AMRrules-ACI0089,AMRrules-downloaded-2026-08-28,"(  contains_any(row.abritamr_accession_key,'WP_063864082.1'))",blaOXA-440,Resistant (nonwildtype),AMRrules
Imipenem,Acinetobacter baumannii,AMRrules-ACI0090,AMRrules-downloaded-2026-08-28,"(  contains_any(row.abritamr_accession_key,'WP_063864108.1'))",blaOXA-482,Resistant (nonwildtype),AMRrules
Meropenem,Acinetobacter baumannii,AMRrules-ACI0091,AMRrules-downloaded-2026-08-28,"(  contains_any(row.abritamr_accession_key,'WP_063864108.1'))",blaOXA-482,Resistant (nonwildtype),AMRrules
Imipenem,Acinetobacter baumannii,AMRrules-ACI0092,AMRrules-downloaded-2026-08-28,"(  contains_any(row.abritamr_accession_key,'WP_063864109.1'))",blaOXA-483,Resistant (nonwildtype),AMRrules
Meropenem,Acinetobacter baumannii,AMRrules-ACI0093,AMRrules-downloaded-2026-08-28,"(  contains_any(row.abritamr_accession_key,'WP_063864109.1'))",blaOXA-483,Resistant (nonwildtype),AMRrules
Imipenem,Acinetobacter baumannii,AMRrules-ACI0094,AMRrules-downloaded-2026-08-28,"(  contains_any(row.abritamr_accession_key,'WP_085562421.1'))",blaOXA-565,Resistant (nonwildtype),AMRrules
Meropenem,Acinetobacter baumannii,AMRrules-ACI0095,AMRrules-downloaded-2026-08-28,"(  contains_any(row.abritamr_accession_key,'WP_085562421.1'))",blaOXA-565,Resistant (nonwildtype),AMRrules
Imipenem,Acinetobacter baumannii,AMRrules-ACI0096,AMRrules-downloaded-2026-08-28,"(  contains_any(row.abritamr_accession_key,'WP_111672907.1'))",blaOXA-657,Resistant (nonwildtype),AMRrules
Meropenem,Acinetobacter baumannii,AMRrules-ACI0097,AMRrules-downloaded-2026-08-28,"(  contains_any(row.abritamr_accession_key,'WP_111672907.1'))",blaOXA-657,Resistant (nonwildtype),AMRrules
Imipenem,Acinetobacter baumannii,AMRrules-ACI0098,AMRrules-downloaded-2026-08-28,"(  contains_any(row.abritamr_accession_key,'WP_168247884.1'))",blaOXA-911,Resistant (nonwildtype),AMRrules
Meropenem,Acinetobacter baumannii,AMRrules-ACI0099,AMRrules-downloaded-2026-08-28,"(  contains_any(row.abritamr_accession_key,'WP_168247884.1'))",blaOXA-911,Resistant (nonwildtype),AMRrules
Imipenem,Acinetobacter baumannii,AMRrules-ACI0100,AMRrules-downloaded-2026-08-28,"(  contains_any(row.abritamr_accession_key,'WP_311033317.1'))",blaOXA-1216,Resistant (nonwildtype),AMRrules
Meropenem,Acinetobacter baumannii,AMRrules-ACI0101,AMRrules-downloaded-2026-08-28,"(  contains_any(row.abritamr_accession_key,'WP_311033317.1'))",blaOXA-1216,Resistant (nonwildtype),AMRrules
Imipenem,Acinetobacter baumannii,AMRrules-ACI0102,AMRrules-downloaded-2026-08-28,"(  contains_any(row.abritamr_accession_key,'WP_318245554.1'))",blaOXA-1223,Resistant (nonwildtype),AMRrules
Meropenem,Acinetobacter baumannii,AMRrules-ACI0103,AMRrules-downloaded-2026-08-28,"(  contains_any(row.abritamr_accession_key,'WP_318245554.1'))",blaOXA-1223,Resistant (nonwildtype),AMRrules
Imipenem,Acinetobacter baumannii,AMRrules-ACI0104,AMRrules-downloaded-2026-08-28,"(  contains_any(row.abritamr_accession_key,'WP_367187965.1'))",blaOXA-1241,Resistant (nonwildtype),AMRrules
Meropenem,Acinetobacter baumannii,AMRrules-ACI0105,AMRrules-downloaded-2026-08-28,"(  contains_any(row.abritamr_accession_key,'WP_367187965.1'))",blaOXA-1241,Resistant (nonwildtype),AMRrules
Imipenem,Acinetobacter baumannii,AMRrules-ACI0108,AMRrules-downloaded-2026-08-28,"(  contains_any(row.abritamr_accession_key,'WP_012754353.1'))",blaOXA-24,Resistant (nonwildtype),"AMRrules (PMID: 12499201, 10817708, 21041501)"
Meropenem,Acinetobacter baumannii,AMRrules-ACI0109,AMRrules-downloaded-2026-08-28,"(  contains_any(row.abritamr_accession_key,'WP_012754353.1'))",blaOXA-24,Resistant (nonwildtype),"AMRrules (PMID: 12499201, 10817708, 21041501)"
Imipenem,Acinetobacter baumannii,AMRrules-ACI0110,AMRrules-downloaded-2026-08-28,"(  contains_any(row.abritamr_accession_key,'WP_000713530.1'))",blaOXA-72,Resistant (nonwildtype),"AMRrules (PMID: 17846127, 21041501)"
Meropenem,Acinetobacter baumannii,AMRrules-ACI0111,AMRrules-downloaded-2026-08-28,"(  contains_any(row.abritamr_accession_key,'WP_000713530.1'))",blaOXA-72,Resistant (nonwildtype),"AMRrules (PMID: 17846127, 21041501)"
Imipenem,Acinetobacter baumannii,AMRrules-ACI0114,AMRrules-downloaded-2026-08-28,"(  contains_any(row.abritamr_accession_key,'WP_002002480.1'))",blaOXA-58,Resistant (nonwildtype),AMRrules (PMID: 15616297)
Meropenem,Acinetobacter baumannii,AMRrules-ACI0115,AMRrules-downloaded-2026-08-28,"(  contains_any(row.abritamr_accession_key,'WP_002002480.1'))",blaOXA-58,Resistant (nonwildtype),AMRrules (PMID: 15616297)
Imipenem,Acinetobacter baumannii,AMRrules-ACI0116,AMRrules-downloaded-2026-08-28,"(  contains_any(row.abritamr_accession_key,'WP_063864543.1'))",blaOXA-96,Resistant (nonwildtype),AMRrules (PMID: 17284537)
Meropenem,Acinetobacter baumannii,AMRrules-ACI0117,AMRrules-downloaded-2026-08-28,"(  contains_any(row.abritamr_accession_key,'WP_063864543.1'))",blaOXA-96,Resistant (nonwildtype),AMRrules (PMID: 17284537)
Imipenem,Acinetobacter baumannii,AMRrules-ACI0118,AMRrules-downloaded-2026-08-28,"(  contains_any(row.abritamr_accession_key,'WP_063864544.1'))",blaOXA-97,Resistant (nonwildtype),AMRrules (PMID: 18299404)
Meropenem,Acinetobacter baumannii,AMRrules-ACI0119,AMRrules-downloaded-2026-08-28,"(  contains_any(row.abritamr_accession_key,'WP_063864544.1'))",blaOXA-97,Resistant (nonwildtype),AMRrules (PMID: 18299404)
Imipenem,Acinetobacter baumannii,AMRrules-ACI0120,AMRrules-downloaded-2026-08-28,"(  contains_any(row.abritamr_accession_key,'WP_063861121.1'))",blaOXA-164,Resistant (nonwildtype),AMRrules (PMID: 20921306)
Meropenem,Acinetobacter baumannii,AMRrules-ACI0121,AMRrules-downloaded-2026-08-28,"(  contains_any(row.abritamr_accession_key,'WP_063861121.1'))",blaOXA-164,Resistant (nonwildtype),AMRrules (PMID: 20921306)
Imipenem,Acinetobacter baumannii,AMRrules-ACI0122,AMRrules-downloaded-2026-08-28,"(  contains_any(row.abritamr_accession_key,'WP_000854009.1'))",blaOXA-235,Resistant (nonwildtype),AMRrules (PMID: 23439638)
Meropenem,Acinetobacter baumannii,AMRrules-ACI0123,AMRrules-downloaded-2026-08-28,"(  contains_any(row.abritamr_accession_key,'WP_000854009.1'))",blaOXA-235,Resistant (nonwildtype),AMRrules (PMID: 23439638)
Imipenem,Acinetobacter baumannii,AMRrules-ACI0124,AMRrules-downloaded-2026-08-28,"(  contains_any(row.abritamr_accession_key,'WP_063862170.1'))",blaOXA-236,Resistant (nonwildtype),AMRrules (PMID: 23439638)
Meropenem,Acinetobacter baumannii,AMRrules-ACI0125,AMRrules-downloaded-2026-08-28,"(  contains_any(row.abritamr_accession_key,'WP_063862170.1'))",blaOXA-236,Resistant (nonwildtype),AMRrules (PMID: 23439638)
Imipenem,Acinetobacter baumannii,AMRrules-ACI0126,AMRrules-downloaded-2026-08-28,"(  contains_any(row.abritamr_accession_key,'WP_000854010.1'))",blaOXA-237,Resistant (nonwildtype),AMRrules (PMID: 23439638)
Meropenem,Acinetobacter baumannii,AMRrules-ACI0127,AMRrules-downloaded-2026-08-28,"(  contains_any(row.abritamr_accession_key,'WP_000854010.1'))",blaOXA-237,Resistant (nonwildtype),AMRrules (PMID: 23439638)
Imipenem,Acinetobacter baumannii,AMRrules-ACI0130,AMRrules-downloaded-2026-08-28,"(  contains_any(row.abritamr_accession_key,'WP_063861042.1'))",blaOXA-143,Resistant (nonwildtype),AMRrules (PMID: 19770279)
Meropenem,Acinetobacter baumannii,AMRrules-ACI0131,AMRrules-downloaded-2026-08-28,"(  contains_any(row.abritamr_accession_key,'WP_063861042.1'))",blaOXA-143,Resistant (nonwildtype),AMRrules (PMID: 19770279)
Imipenem,Acinetobacter baumannii,AMRrules-ACI0132,AMRrules-downloaded-2026-08-28,"(  contains_any(row.abritamr_accession_key,'WP_063861266.1'))",blaOXA-182,Resistant (nonwildtype),AMRrules (PMID: 20884158)
Meropenem,Acinetobacter baumannii,AMRrules-ACI0133,AMRrules-downloaded-2026-08-28,"(  contains_any(row.abritamr_accession_key,'WP_063861266.1'))",blaOXA-182,Resistant (nonwildtype),AMRrules (PMID: 20884158)
Imipenem,Acinetobacter baumannii,AMRrules-ACI0134,AMRrules-downloaded-2026-08-28,"(  contains_any(row.abritamr_accession_key,'WP_063862128.1'))",blaOXA-231,Resistant (nonwildtype),"AMRrules (PMID: 22736746, 24566181)"
Meropenem,Acinetobacter baumannii,AMRrules-ACI0135,AMRrules-downloaded-2026-08-28,"(  contains_any(row.abritamr_accession_key,'WP_063862128.1'))",blaOXA-231,Resistant (nonwildtype),"AMRrules (PMID: 22736746, 24566181)"
Imipenem,Acinetobacter baumannii,AMRrules-ACI0136,AMRrules-downloaded-2026-08-28,"(  contains_any(row.abritamr_accession_key,'WP_032495764.1'))",blaOXA-253,Resistant (nonwildtype),AMRrules (PMID: 24566181)
Meropenem,Acinetobacter baumannii,AMRrules-ACI0137,AMRrules-downloaded-2026-08-28,"(  contains_any(row.abritamr_accession_key,'WP_032495764.1'))",blaOXA-253,Resistant (nonwildtype),AMRrules (PMID: 24566181)
Imipenem,Acinetobacter baumannii,AMRrules-ACI0140,AMRrules-downloaded-2026-08-28,"(  contains_any(row.abritamr_accession_key,'WP_004201164.1'))",blaNDM-1,Resistant (nonwildtype),AMRrules (PMID: 21693460)
Meropenem,Acinetobacter baumannii,AMRrules-ACI0141,AMRrules-downloaded-2026-08-28,"(  contains_any(row.abritamr_accession_key,'WP_004201164.1'))",blaNDM-1,Resistant (nonwildtype),AMRrules (PMID: 21693460)
Imipenem,Acinetobacter baumannii,AMRrules-ACI0142,AMRrules-downloaded-2026-08-28,"(  contains_any(row.abritamr_accession_key,'WP_063860860.1'))",blaNDM-2,Resistant (nonwildtype),AMRrules (PMID: 21427107)
Meropenem,Acinetobacter baumannii,AMRrules-ACI0143,AMRrules-downloaded-2026-08-28,"(  contains_any(row.abritamr_accession_key,'WP_063860860.1'))",blaNDM-2,Resistant (nonwildtype),AMRrules (PMID: 21427107)
Imipenem,Acinetobacter baumannii,AMRrules-ACI0144,AMRrules-downloaded-2026-08-28,"(  contains_any(row.abritamr_accession_key,'WP_032495384.1'))",blaNDM-6,Resistant (nonwildtype),AMRrules (PMID: 33240245)
Meropenem,Acinetobacter baumannii,AMRrules-ACI0145,AMRrules-downloaded-2026-08-28,"(  contains_any(row.abritamr_accession_key,'WP_032495384.1'))",blaNDM-6,Resistant (nonwildtype),AMRrules (PMID: 33240245)
Carbapenem,Acinetobacter baumannii,AMRrules-ACI0149,AMRrules-downloaded-2026-08-28,ACI0147  &&  ACI0148,ACI0147 & ACI0148,Resistant (nonwildtype),AMRrules (PMID: 23014718)
Imipenem,Acinetobacter baumannii,AMRrules-ACI0150,AMRrules-downloaded-2026-08-28,"(  contains_any(row.abritamr_accession_key,'WP_002033109.1'))",blaOXA-51,Susceptible (wildtype),"AMRrules (PMID: 15649299, 35562886)"
Meropenem,Acinetobacter baumannii,AMRrules-ACI0151,AMRrules-downloaded-2026-08-28,"(  contains_any(row.abritamr_accession_key,'WP_002033109.1'))",blaOXA-51,Susceptible (wildtype),AMRrules (PMID: 15649299)
Third-generation cephalosporin,Acinetobacter baumannii,AMRrules-ACI0155,AMRrules-downloaded-2026-08-28,"(  contains_any(row.abritamr_accession_key,'WP_004714775.1'))",blaADC-1,Resistant (wildtype),AMRrules (PMID: 10639377)
Ceftazidime,Acinetobacter baumannii,AMRrules-ACI0156,AMRrules-downloaded-2026-08-28,"(  contains_any(row.abritamr_accession_key,'WP_004714775.1'))",blaADC-1,Resistant (wildtype),AMRrules (PMID: 10639377)
Cefotaxime,Acinetobacter baumannii,AMRrules-ACI0157,AMRrules-downloaded-2026-08-28,"(  contains_any(row.abritamr_accession_key,'WP_004714775.1'))",blaADC-1,Resistant (wildtype),AMRrules (PMID: 10639377)
-,Acinetobacter baumannii,AMRrules-ACI0160,AMRrules-downloaded-2026-08-28,"(  contains_any(row.abritamr_accession_key,'WP_001170306.1'))",amvA,Unknown (-),AMRrules (PMID: 34552198)
Fluoroquinolone antibiotic,Acinetobacter baumannii,AMRrules-ACI0161,AMRrules-downloaded-2026-08-28,"(  contains_any(row.abritamr_accession_key,'WP_000116450.1'))",gyrA,Susceptible (wildtype),AMRrules (PMID: 7625818)
Levofloxacin,Acinetobacter baumannii,AMRrules-ACI0162,AMRrules-downloaded-2026-08-28,"(contains_any(row.amrrules_mutation, 'p.Ser81Leu') &&   contains_any(row.abritamr_accession_key,'WP_000116450.1'))",gyrA,Resistant (nonwildtype),AMRrules (PMID: 7625818)
Carbapenem,Acinetobacter baumannii,AMRrules-ACI0171,AMRrules-downloaded-2026-08-28,ACI0169  &&  ACI0170,ACI0169 & ACI0170,Resistant (nonwildtype),"AMRrules (PMID: 20713680, 22083478)"
Carbapenem,Acinetobacter baumannii,AMRrules-ACI0175,AMRrules-downloaded-2026-08-28,"(  contains_any(row.abritamr_accession_key,'WP_001334766.1'))",blaOXA-1,Susceptible (nonwildtype),AMRrules
Imipenem,Acinetobacter baumannii,AMRrules-ACI0176,AMRrules-downloaded-2026-08-28,"(  contains_any(row.abritamr_accession_key,'WP_001334766.1'))",blaOXA-1,Susceptible (nonwildtype),AMRrules
Meropenem,Acinetobacter baumannii,AMRrules-ACI0177,AMRrules-downloaded-2026-08-28,"(  contains_any(row.abritamr_accession_key,'WP_001334766.1'))",blaOXA-1,Susceptible (nonwildtype),AMRrules
Carbapenem,Acinetobacter baumannii,AMRrules-ACI0180,AMRrules-downloaded-2026-08-28,"(  contains_any(row.abritamr_accession_key,'WP_001007673.1'))",blaOXA-2,Susceptible (nonwildtype),"AMRrules (PMID: 18309251, 32074088)"
Imipenem,Acinetobacter baumannii,AMRrules-ACI0181,AMRrules-downloaded-2026-08-28,"(  contains_any(row.abritamr_accession_key,'WP_001007673.1'))",blaOXA-2,Susceptible (nonwildtype),"AMRrules (PMID: 18309251, 32074088)"
Meropenem,Acinetobacter baumannii,AMRrules-ACI0182,AMRrules-downloaded-2026-08-28,"(  contains_any(row.abritamr_accession_key,'WP_001007673.1'))",blaOXA-2,Susceptible (nonwildtype),"AMRrules (PMID: 18309251, 32074088)"
Carbapenem,Acinetobacter baumannii,AMRrules-ACI0183,AMRrules-downloaded-2026-08-28,"(  contains_any(row.abritamr_accession_key,'WP_014386432.1'))",blaOXA-21,Susceptible (nonwildtype),AMRrules (PMID: 9420053)
Imipenem,Acinetobacter baumannii,AMRrules-ACI0184,AMRrules-downloaded-2026-08-28,"(  contains_any(row.abritamr_accession_key,'WP_014386432.1'))",blaOXA-21,Susceptible (nonwildtype),AMRrules (PMID: 9420053)
Meropenem,Acinetobacter baumannii,AMRrules-ACI0185,AMRrules-downloaded-2026-08-28,"(  contains_any(row.abritamr_accession_key,'WP_014386432.1'))",blaOXA-21,Susceptible (nonwildtype),AMRrules (PMID: 9420053)
Carbapenem,Acinetobacter baumannii,AMRrules-ACI0189,AMRrules-downloaded-2026-08-28,"(  contains_any(row.abritamr_accession_key,'WP_000722315.1'))",blaOXA-9,Susceptible (nonwildtype),AMRrules (PMID: 9620445)
Imipenem,Acinetobacter baumannii,AMRrules-ACI0190,AMRrules-downloaded-2026-08-28,"(  contains_any(row.abritamr_accession_key,'WP_000722315.1'))",blaOXA-9,Susceptible (nonwildtype),AMRrules (PMID: 9620445)
Meropenem,Acinetobacter baumannii,AMRrules-ACI0191,AMRrules-downloaded-2026-08-28,"(  contains_any(row.abritamr_accession_key,'WP_000722315.1'))",blaOXA-9,Susceptible (nonwildtype),AMRrules (PMID: 9620445)
Carbapenem,Acinetobacter baumannii,AMRrules-ACI0195,AMRrules-downloaded-2026-08-28,"(  contains_any(row.abritamr_accession_key,'WP_000846390.1'))",blaOXA-10,Susceptible (nonwildtype),AMRrules
Imipenem,Acinetobacter baumannii,AMRrules-ACI0196,AMRrules-downloaded-2026-08-28,"(  contains_any(row.abritamr_accession_key,'WP_000846390.1'))",blaOXA-10,Susceptible (nonwildtype),AMRrules
Meropenem,Acinetobacter baumannii,AMRrules-ACI0197,AMRrules-downloaded-2026-08-28,"(  contains_any(row.abritamr_accession_key,'WP_000846390.1'))",blaOXA-10,Susceptible (nonwildtype),AMRrules
Carbapenem,Acinetobacter baumannii,AMRrules-ACI0201,AMRrules-downloaded-2026-08-28,"(  contains_any(row.abritamr_accession_key,'WP_000586782.1'))",blaOXA-20,Susceptible (nonwildtype),"AMRrules (PMID: 9687410, 10991844, 14693570, 15004037)"
Imipenem,Acinetobacter baumannii,AMRrules-ACI0202,AMRrules-downloaded-2026-08-28,"(  contains_any(row.abritamr_accession_key,'WP_000586782.1'))",blaOXA-20,Susceptible (nonwildtype),"AMRrules (PMID: 9687410, 10991844, 14693570, 15004037)"
Meropenem,Acinetobacter baumannii,AMRrules-ACI0203,AMRrules-downloaded-2026-08-28,"(  contains_any(row.abritamr_accession_key,'WP_000586782.1'))",blaOXA-20,Susceptible (nonwildtype),"AMRrules (PMID: 9687410, 10991844, 14693570, 15004037)"
Carbapenem,Acinetobacter baumannii,AMRrules-ACI0204,AMRrules-downloaded-2026-08-28,"(  contains_any(row.abritamr_accession_key,'WP_063862737.1'))",blaOXA-37,Susceptible (nonwildtype),AMRrules (PMID: 12523622)
Imipenem,Acinetobacter baumannii,AMRrules-ACI0205,AMRrules-downloaded-2026-08-28,"(  contains_any(row.abritamr_accession_key,'WP_063862737.1'))",blaOXA-37,Susceptible (nonwildtype),AMRrules (PMID: 12523622)
Meropenem,Acinetobacter baumannii,AMRrules-ACI0206,AMRrules-downloaded-2026-08-28,"(  contains_any(row.abritamr_accession_key,'WP_063862737.1'))",blaOXA-37,Susceptible (nonwildtype),AMRrules (PMID: 12523622)
Carbapenem,Acinetobacter baumannii,AMRrules-ACI0207,AMRrules-downloaded-2026-08-28,"(  contains_any(row.abritamr_accession_key,'WP_063862416.1'))",blaOXA-25,Resistant (nonwildtype),AMRrules (PMID: 11158758)
Imipenem,Acinetobacter baumannii,AMRrules-ACI0208,AMRrules-downloaded-2026-08-28,"(  contains_any(row.abritamr_accession_key,'WP_063862416.1'))",blaOXA-25,Resistant (nonwildtype),AMRrules (PMID: 11158758)
Meropenem,Acinetobacter baumannii,AMRrules-ACI0209,AMRrules-downloaded-2026-08-28,"(  contains_any(row.abritamr_accession_key,'WP_063862416.1'))",blaOXA-25,Resistant (nonwildtype),AMRrules (PMID: 11158758)
Carbapenem,Acinetobacter baumannii,AMRrules-ACI0210,AMRrules-downloaded-2026-08-28,"(  contains_any(row.abritamr_accession_key,'WP_063862442.1'))",blaOXA-26,Resistant (nonwildtype),AMRrules (PMID: 11158758)
Imipenem,Acinetobacter baumannii,AMRrules-ACI0211,AMRrules-downloaded-2026-08-28,"(  contains_any(row.abritamr_accession_key,'WP_063862442.1'))",blaOXA-26,Resistant (nonwildtype),AMRrules (PMID: 11158758)
Meropenem,Acinetobacter baumannii,AMRrules-ACI0212,AMRrules-downloaded-2026-08-28,"(  contains_any(row.abritamr_accession_key,'WP_063862442.1'))",blaOXA-26,Resistant (nonwildtype),AMRrules (PMID: 11158758)
Carbapenem,Acinetobacter baumannii,AMRrules-ACI0213,AMRrules-downloaded-2026-08-28,"(  contains_any(row.abritamr_accession_key,'WP_063861040.1'))",blaOXA-139,Resistant (nonwildtype),AMRrules
Imipenem,Acinetobacter baumannii,AMRrules-ACI0214,AMRrules-downloaded-2026-08-28,"(  contains_any(row.abritamr_accession_key,'WP_063861040.1'))",blaOXA-139,Resistant (nonwildtype),AMRrules
Meropenem,Acinetobacter baumannii,AMRrules-ACI0215,AMRrules-downloaded-2026-08-28,"(  contains_any(row.abritamr_accession_key,'WP_063861040.1'))",blaOXA-139,Resistant (nonwildtype),AMRrules
Carbapenem,Acinetobacter baumannii,AMRrules-ACI0216,AMRrules-downloaded-2026-08-28,"(  contains_any(row.abritamr_accession_key,'WP_063861093.1'))",blaOXA-160,Resistant (nonwildtype),AMRrules (PMID: 21041501)
Imipenem,Acinetobacter baumannii,AMRrules-ACI0217,AMRrules-downloaded-2026-08-28,"(  contains_any(row.abritamr_accession_key,'WP_063861093.1'))",blaOXA-160,Resistant (nonwildtype),AMRrules (PMID: 21041501)
Meropenem,Acinetobacter baumannii,AMRrules-ACI0218,AMRrules-downloaded-2026-08-28,"(  contains_any(row.abritamr_accession_key,'WP_063861093.1'))",blaOXA-160,Resistant (nonwildtype),AMRrules (PMID: 21041501)
Carbapenem,Acinetobacter baumannii,AMRrules-ACI0219,AMRrules-downloaded-2026-08-28,"(  contains_any(row.abritamr_accession_key,'WP_057689930.1'))",blaOXA-207,Resistant (nonwildtype),AMRrules (PMID: 24890588)
Imipenem,Acinetobacter baumannii,AMRrules-ACI0220,AMRrules-downloaded-2026-08-28,"(  contains_any(row.abritamr_accession_key,'WP_057689930.1'))",blaOXA-207,Resistant (nonwildtype),AMRrules (PMID: 24890588)
Meropenem,Acinetobacter baumannii,AMRrules-ACI0221,AMRrules-downloaded-2026-08-28,"(  contains_any(row.abritamr_accession_key,'WP_057689930.1'))",blaOXA-207,Resistant (nonwildtype),AMRrules (PMID: 24890588)
Carbapenem,Acinetobacter baumannii,AMRrules-ACI0222,AMRrules-downloaded-2026-08-28,"(  contains_any(row.abritamr_accession_key,'WP_063864079.1'))",blaOXA-437,Resistant (nonwildtype),AMRrules
Imipenem,Acinetobacter baumannii,AMRrules-ACI0223,AMRrules-downloaded-2026-08-28,"(  contains_any(row.abritamr_accession_key,'WP_063864079.1'))",blaOXA-437,Resistant (nonwildtype),AMRrules
Meropenem,Acinetobacter baumannii,AMRrules-ACI0224,AMRrules-downloaded-2026-08-28,"(  contains_any(row.abritamr_accession_key,'WP_063864079.1'))",blaOXA-437,Resistant (nonwildtype),AMRrules
Carbapenem,Acinetobacter baumannii,AMRrules-ACI0225,AMRrules-downloaded-2026-08-28,"(  contains_any(row.abritamr_accession_key,'WP_164461290.1'))",blaOXA-897,Resistant (nonwildtype),AMRrules
Imipenem,Acinetobacter baumannii,AMRrules-ACI0226,AMRrules-downloaded-2026-08-28,"(  contains_any(row.abritamr_accession_key,'WP_164461290.1'))",blaOXA-897,Resistant (nonwildtype),AMRrules
Meropenem,Acinetobacter baumannii,AMRrules-ACI0227,AMRrules-downloaded-2026-08-28,"(  contains_any(row.abritamr_accession_key,'WP_164461290.1'))",blaOXA-897,Resistant (nonwildtype),AMRrules
Carbapenem,Acinetobacter baumannii,AMRrules-ACI0228,AMRrules-downloaded-2026-08-28,"(  contains_any(row.abritamr_accession_key,'WP_231869647.1'))",blaOXA-1040,Resistant (nonwildtype),AMRrules
Imipenem,Acinetobacter baumannii,AMRrules-ACI0229,AMRrules-downloaded-2026-08-28,"(  contains_any(row.abritamr_accession_key,'WP_231869647.1'))",blaOXA-1040,Resistant (nonwildtype),AMRrules
Meropenem,Acinetobacter baumannii,AMRrules-ACI0230,AMRrules-downloaded-2026-08-28,"(  contains_any(row.abritamr_accession_key,'WP_231869647.1'))",blaOXA-1040,Resistant (nonwildtype),AMRrules
Carbapenem,Acinetobacter baumannii,AMRrules-ACI0231,AMRrules-downloaded-2026-08-28,"(  contains_any(row.abritamr_accession_key,'WP_063862756.1'))",blaOXA-397,Resistant (nonwildtype),AMRrules
Imipenem,Acinetobacter baumannii,AMRrules-ACI0232,AMRrules-downloaded-2026-08-28,"(  contains_any(row.abritamr_accession_key,'WP_063862756.1'))",blaOXA-397,Resistant (nonwildtype),AMRrules
Meropenem,Acinetobacter baumannii,AMRrules-ACI0233,AMRrules-downloaded-2026-08-28,"(  contains_any(row.abritamr_accession_key,'WP_063862756.1'))",blaOXA-397,Resistant (nonwildtype),AMRrules
Carbapenem,Acinetobacter baumannii,AMRrules-ACI0234,AMRrules-downloaded-2026-08-28,"(  contains_any(row.abritamr_accession_key,'WP_063862810.1'))",blaOXA-420,Resistant (nonwildtype),AMRrules
Imipenem,Acinetobacter baumannii,AMRrules-ACI0235,AMRrules-downloaded-2026-08-28,"(  contains_any(row.abritamr_accession_key,'WP_063862810.1'))",blaOXA-420,Resistant (nonwildtype),AMRrules
Meropenem,Acinetobacter baumannii,AMRrules-ACI0236,AMRrules-downloaded-2026-08-28,"(  contains_any(row.abritamr_accession_key,'WP_063862810.1'))",blaOXA-420,Resistant (nonwildtype),AMRrules
Carbapenem,Acinetobacter baumannii,AMRrules-ACI0237,AMRrules-downloaded-2026-08-28,"(  contains_any(row.abritamr_accession_key,'WP_063864184.1'))",blaOXA-512,Resistant (nonwildtype),AMRrules
Imipenem,Acinetobacter baumannii,AMRrules-ACI0238,AMRrules-downloaded-2026-08-28,"(  contains_any(row.abritamr_accession_key,'WP_063864184.1'))",blaOXA-512,Resistant (nonwildtype),AMRrules
Meropenem,Acinetobacter baumannii,AMRrules-ACI0239,AMRrules-downloaded-2026-08-28,"(  contains_any(row.abritamr_accession_key,'WP_063864184.1'))",blaOXA-512,Resistant (nonwildtype),AMRrules
Carbapenem,Acinetobacter baumannii,AMRrules-ACI0240,AMRrules-downloaded-2026-08-28,"(  contains_any(row.abritamr_accession_key,'WP_268871882.1'))",blaOXA-1178,Resistant (nonwildtype),AMRrules
Imipenem,Acinetobacter baumannii,AMRrules-ACI0241,AMRrules-downloaded-2026-08-28,"(  contains_any(row.abritamr_accession_key,'WP_268871882.1'))",blaOXA-1178,Resistant (nonwildtype),AMRrules
Meropenem,Acinetobacter baumannii,AMRrules-ACI0242,AMRrules-downloaded-2026-08-28,"(  contains_any(row.abritamr_accession_key,'WP_268871882.1'))",blaOXA-1178,Resistant (nonwildtype),AMRrules
Carbapenem,Acinetobacter baumannii,AMRrules-ACI0246,AMRrules-downloaded-2026-08-28,"(  contains_any(row.abritamr_accession_key,'WP_005104969.1'))",blaOXA-134,Resistant (nonwildtype),AMRrules
Imipenem,Acinetobacter baumannii,AMRrules-ACI0247,AMRrules-downloaded-2026-08-28,"(  contains_any(row.abritamr_accession_key,'WP_005104969.2'))",blaOXA-134,Resistant (nonwildtype),AMRrules
Meropenem,Acinetobacter baumannii,AMRrules-ACI0248,AMRrules-downloaded-2026-08-28,"(  contains_any(row.abritamr_accession_key,'WP_005104969.3'))",blaOXA-134,Resistant (nonwildtype),AMRrules
Carbapenem,Acinetobacter baumannii,AMRrules-ACI0249,AMRrules-downloaded-2026-08-28,"(  contains_any(row.abritamr_accession_key,'WP_063864112.1'))",blaOXA-499,Resistant (nonwildtype),AMRrules (PMID: 28264850)
Imipenem,Acinetobacter baumannii,AMRrules-ACI0250,AMRrules-downloaded-2026-08-28,"(  contains_any(row.abritamr_accession_key,'WP_063864112.1'))",blaOXA-499,Resistant (nonwildtype),AMRrules (PMID: 28264850)
Meropenem,Acinetobacter baumannii,AMRrules-ACI0251,AMRrules-downloaded-2026-08-28,"(  contains_any(row.abritamr_accession_key,'WP_063864112.1'))",blaOXA-499,Resistant (nonwildtype),AMRrules (PMID: 28264850)
Carbapenem,Acinetobacter baumannii,AMRrules-ACI0252,AMRrules-downloaded-2026-08-28,"(  contains_any(row.abritamr_accession_key,'WP_140423318.1'))",blaOXA-825,Resistant (nonwildtype),AMRrules
Imipenem,Acinetobacter baumannii,AMRrules-ACI0253,AMRrules-downloaded-2026-08-28,"(  contains_any(row.abritamr_accession_key,'WP_140423318.1'))",blaOXA-825,Resistant (nonwildtype),AMRrules
Meropenem,Acinetobacter baumannii,AMRrules-ACI0254,AMRrules-downloaded-2026-08-28,"(  contains_any(row.abritamr_accession_key,'WP_140423318.1'))",blaOXA-825,Resistant (nonwildtype),AMRrules
Carbapenem,Acinetobacter baumannii,AMRrules-ACI0255,AMRrules-downloaded-2026-08-28,"(  contains_any(row.abritamr_accession_key,'WP_256875621.1'))",blaOXA-1139,Resistant (nonwildtype),AMRrules
Imipenem,Acinetobacter baumannii,AMRrules-ACI0256,AMRrules-downloaded-2026-08-28,"(  contains_any(row.abritamr_accession_key,'WP_256875621.1'))",blaOXA-1139,Resistant (nonwildtype),AMRrules
Meropenem,Acinetobacter baumannii,AMRrules-ACI0257,AMRrules-downloaded-2026-08-28,"(  contains_any(row.abritamr_accession_key,'WP_256875621.1'))",blaOXA-1139,Resistant (nonwildtype),AMRrules
Carbapenem,Acinetobacter baumannii,AMRrules-ACI0258,AMRrules-downloaded-2026-08-28,"(  contains_any(row.abritamr_accession_key,'WP_274293089.1'))",blaOXA-1182,Resistant (nonwildtype),AMRrules
Imipenem,Acinetobacter baumannii,AMRrules-ACI0259,AMRrules-downloaded-2026-08-28,"(  contains_any(row.abritamr_accession_key,'WP_274293089.1'))",blaOXA-1182,Resistant (nonwildtype),AMRrules
Meropenem,Acinetobacter baumannii,AMRrules-ACI0260,AMRrules-downloaded-2026-08-28,"(  contains_any(row.abritamr_accession_key,'WP_274293089.1'))",blaOXA-1182,Resistant (nonwildtype),AMRrules
Carbapenem,Acinetobacter baumannii,AMRrules-ACI0264,AMRrules-downloaded-2026-08-28,"(  contains_any(row.abritamr_accession_key,'WP_015588753.1'))",blaGIM-1,Resistant (nonwildtype),AMRrules (PMID: 15561840)
Imipenem,Acinetobacter baumannii,AMRrules-ACI0265,AMRrules-downloaded-2026-08-28,"(  contains_any(row.abritamr_accession_key,'WP_015588753.1'))",blaGIM-1,Resistant (nonwildtype),AMRrules (PMID: 15561840)
Meropenem,Acinetobacter baumannii,AMRrules-ACI0266,AMRrules-downloaded-2026-08-28,"(  contains_any(row.abritamr_accession_key,'WP_015588753.1'))",blaGIM-1,Resistant (nonwildtype),AMRrules (PMID: 15561840)
Carbapenem,Acinetobacter baumannii,AMRrules-ACI0267,AMRrules-downloaded-2026-08-28,"(  contains_any(row.abritamr_accession_key,'WP_063860522.1'))",blaGIM-2,Resistant (nonwildtype),AMRrules (PMID: 25547359)
Imipenem,Acinetobacter baumannii,AMRrules-ACI0268,AMRrules-downloaded-2026-08-28,"(  contains_any(row.abritamr_accession_key,'WP_063860522.1'))",blaGIM-2,Resistant (nonwildtype),AMRrules (PMID: 25547359)
Meropenem,Acinetobacter baumannii,AMRrules-ACI0269,AMRrules-downloaded-2026-08-28,"(  contains_any(row.abritamr_accession_key,'WP_063860522.1'))",blaGIM-2,Resistant (nonwildtype),AMRrules (PMID: 25547359)
Carbapenem,Acinetobacter baumannii,AMRrules-ACI0273,AMRrules-downloaded-2026-08-28,"(  contains_any(row.abritamr_accession_key,'WP_003159548.1'))",blaIMP-1,Resistant (nonwildtype),AMRrules (PMID: 8141584)
Imipenem,Acinetobacter baumannii,AMRrules-ACI0274,AMRrules-downloaded-2026-08-28,"(  contains_any(row.abritamr_accession_key,'WP_003159548.1'))",blaIMP-1,Resistant (nonwildtype),AMRrules (PMID: 8141584)
Meropenem,Acinetobacter baumannii,AMRrules-ACI0275,AMRrules-downloaded-2026-08-28,"(  contains_any(row.abritamr_accession_key,'WP_003159548.1'))",blaIMP-1,Resistant (nonwildtype),AMRrules (PMID: 8141584)
Carbapenem,Acinetobacter baumannii,AMRrules-ACI0276,AMRrules-downloaded-2026-08-28,"(  contains_any(row.abritamr_accession_key,'WP_063860578.1'))",blaIMP-2,Resistant (nonwildtype),AMRrules (PMID: 10770756)
Imipenem,Acinetobacter baumannii,AMRrules-ACI0277,AMRrules-downloaded-2026-08-28,"(  contains_any(row.abritamr_accession_key,'WP_063860578.1'))",blaIMP-2,Resistant (nonwildtype),AMRrules (PMID: 10770756)
Meropenem,Acinetobacter baumannii,AMRrules-ACI0278,AMRrules-downloaded-2026-08-28,"(  contains_any(row.abritamr_accession_key,'WP_063860578.1'))",blaIMP-2,Resistant (nonwildtype),AMRrules (PMID: 10770756)
Carbapenem,Acinetobacter baumannii,AMRrules-ACI0279,AMRrules-downloaded-2026-08-28,"(  contains_any(row.abritamr_accession_key,'WP_015060105.1'))",blaIMP-4,Resistant (nonwildtype),"AMRrules (PMID: 11181348, 17284537)"
Imipenem,Acinetobacter baumannii,AMRrules-ACI0280,AMRrules-downloaded-2026-08-28,"(  contains_any(row.abritamr_accession_key,'WP_015060105.1'))",blaIMP-4,Resistant (nonwildtype),"AMRrules (PMID: 11181348, 17284537)"
Meropenem,Acinetobacter baumannii,AMRrules-ACI0281,AMRrules-downloaded-2026-08-28,"(  contains_any(row.abritamr_accession_key,'WP_015060105.1'))",blaIMP-4,Resistant (nonwildtype),"AMRrules (PMID: 11181348, 17284537)"
Carbapenem,Acinetobacter baumannii,AMRrules-ACI0282,AMRrules-downloaded-2026-08-28,"(  contains_any(row.abritamr_accession_key,'WP_063860611.1'))",blaIMP-5,Resistant (nonwildtype),AMRrules (PMID: 12393197)
Imipenem,Acinetobacter baumannii,AMRrules-ACI0283,AMRrules-downloaded-2026-08-28,"(  contains_any(row.abritamr_accession_key,'WP_063860611.1'))",blaIMP-5,Resistant (nonwildtype),AMRrules (PMID: 12393197)
Meropenem,Acinetobacter baumannii,AMRrules-ACI0284,AMRrules-downloaded-2026-08-28,"(  contains_any(row.abritamr_accession_key,'WP_063860611.1'))",blaIMP-5,Resistant (nonwildtype),AMRrules (PMID: 12393197)
Carbapenem,Acinetobacter baumannii,AMRrules-ACI0285,AMRrules-downloaded-2026-08-28,"(  contains_any(row.abritamr_accession_key,'WP_012695457.1'))",blaIMP-8,Resistant (nonwildtype),AMRrules (PMID: 11451699)
Imipenem,Acinetobacter baumannii,AMRrules-ACI0286,AMRrules-downloaded-2026-08-28,"(  contains_any(row.abritamr_accession_key,'WP_012695457.1'))",blaIMP-8,Resistant (nonwildtype),AMRrules (PMID: 11451699)
Meropenem,Acinetobacter baumannii,AMRrules-ACI0287,AMRrules-downloaded-2026-08-28,"(  contains_any(row.abritamr_accession_key,'WP_012695457.1'))",blaIMP-8,Resistant (nonwildtype),AMRrules (PMID: 11451699)
Carbapenem,Acinetobacter baumannii,AMRrules-ACI0288,AMRrules-downloaded-2026-08-28,"(  contains_any(row.abritamr_accession_key,'WP_032490175.1'))",blaIMP-10,Resistant (nonwildtype),AMRrules (PMID: 12019129)
Imipenem,Acinetobacter baumannii,AMRrules-ACI0289,AMRrules-downloaded-2026-08-28,"(  contains_any(row.abritamr_accession_key,'WP_032490175.1'))",blaIMP-10,Resistant (nonwildtype),AMRrules (PMID: 12019129)
Meropenem,Acinetobacter baumannii,AMRrules-ACI0290,AMRrules-downloaded-2026-08-28,"(  contains_any(row.abritamr_accession_key,'WP_032490175.1'))",blaIMP-10,Resistant (nonwildtype),AMRrules (PMID: 12019129)
Carbapenem,Acinetobacter baumannii,AMRrules-ACI0291,AMRrules-downloaded-2026-08-28,"(  contains_any(row.abritamr_accession_key,'WP_063860573.1'))",blaIMP-11,Resistant (nonwildtype),AMRrules (PMID: 21862476)
Imipenem,Acinetobacter baumannii,AMRrules-ACI0292,AMRrules-downloaded-2026-08-28,"(  contains_any(row.abritamr_accession_key,'WP_063860573.1'))",blaIMP-11,Resistant (nonwildtype),AMRrules (PMID: 21862476)
Meropenem,Acinetobacter baumannii,AMRrules-ACI0293,AMRrules-downloaded-2026-08-28,"(  contains_any(row.abritamr_accession_key,'WP_063860573.1'))",blaIMP-11,Resistant (nonwildtype),AMRrules (PMID: 21862476)
Carbapenem,Acinetobacter baumannii,AMRrules-ACI0294,AMRrules-downloaded-2026-08-28,"(  contains_any(row.abritamr_accession_key,'WP_039819893.1'))",blaIMP-14,Resistant (nonwildtype),AMRrules (PMID: 21117966)
Imipenem,Acinetobacter baumannii,AMRrules-ACI0295,AMRrules-downloaded-2026-08-28,"(  contains_any(row.abritamr_accession_key,'WP_039819893.1'))",blaIMP-14,Resistant (nonwildtype),AMRrules (PMID: 21117966)
Meropenem,Acinetobacter baumannii,AMRrules-ACI0296,AMRrules-downloaded-2026-08-28,"(  contains_any(row.abritamr_accession_key,'WP_039819893.1'))",blaIMP-14,Resistant (nonwildtype),AMRrules (PMID: 21117966)
Carbapenem,Acinetobacter baumannii,AMRrules-ACI0297,AMRrules-downloaded-2026-08-28,"(  contains_any(row.abritamr_accession_key,'WP_063860576.1'))",blaIMP-16,Resistant (nonwildtype),AMRrules
Imipenem,Acinetobacter baumannii,AMRrules-ACI0298,AMRrules-downloaded-2026-08-28,"(  contains_any(row.abritamr_accession_key,'WP_063860576.1'))",blaIMP-16,Resistant (nonwildtype),AMRrules
Meropenem,Acinetobacter baumannii,AMRrules-ACI0299,AMRrules-downloaded-2026-08-28,"(  contains_any(row.abritamr_accession_key,'WP_063860576.1'))",blaIMP-16,Resistant (nonwildtype),AMRrules
Carbapenem,Acinetobacter baumannii,AMRrules-ACI0300,AMRrules-downloaded-2026-08-28,"(  contains_any(row.abritamr_accession_key,'WP_032491874.1'))",blaIMP-19,Resistant (nonwildtype),"AMRrules (PMID: 21862476, 17938180)"
Imipenem,Acinetobacter baumannii,AMRrules-ACI0301,AMRrules-downloaded-2026-08-28,"(  contains_any(row.abritamr_accession_key,'WP_032491874.1'))",blaIMP-19,Resistant (nonwildtype),"AMRrules (PMID: 21862476, 17938180)"
Meropenem,Acinetobacter baumannii,AMRrules-ACI0302,AMRrules-downloaded-2026-08-28,"(  contains_any(row.abritamr_accession_key,'WP_032491874.1'))",blaIMP-19,Resistant (nonwildtype),"AMRrules (PMID: 21862476, 17938180)"
Carbapenem,Acinetobacter baumannii,AMRrules-ACI0303,AMRrules-downloaded-2026-08-28,"(  contains_any(row.abritamr_accession_key,'WP_063860616.1'))",blaIMP-55,Resistant (nonwildtype),AMRrules (PMID: 27430533)
Imipenem,Acinetobacter baumannii,AMRrules-ACI0304,AMRrules-downloaded-2026-08-28,"(  contains_any(row.abritamr_accession_key,'WP_063860616.1'))",blaIMP-55,Resistant (nonwildtype),AMRrules (PMID: 27430533)
Meropenem,Acinetobacter baumannii,AMRrules-ACI0305,AMRrules-downloaded-2026-08-28,"(  contains_any(row.abritamr_accession_key,'WP_063860616.1'))",blaIMP-55,Resistant (nonwildtype),AMRrules (PMID: 27430533)
Carbapenem,Acinetobacter baumannii,AMRrules-ACI0306,AMRrules-downloaded-2026-08-28,"(  contains_any(row.abritamr_accession_key,'WP_065419570.1'))",blaIMP-61,Resistant (nonwildtype),AMRrules (PMID: 37390312)
Imipenem,Acinetobacter baumannii,AMRrules-ACI0307,AMRrules-downloaded-2026-08-28,"(  contains_any(row.abritamr_accession_key,'WP_065419570.1'))",blaIMP-61,Resistant (nonwildtype),AMRrules (PMID: 37390312)
Meropenem,Acinetobacter baumannii,AMRrules-ACI0308,AMRrules-downloaded-2026-08-28,"(  contains_any(row.abritamr_accession_key,'WP_065419570.1'))",blaIMP-61,Resistant (nonwildtype),AMRrules (PMID: 37390312)
Carbapenem,Acinetobacter baumannii,AMRrules-ACI0309,AMRrules-downloaded-2026-08-28,"(  contains_any(row.abritamr_accession_key,'WP_242934067.1'))",blaIMP-95,Resistant (nonwildtype),AMRrules
Imipenem,Acinetobacter baumannii,AMRrules-ACI0310,AMRrules-downloaded-2026-08-28,"(  contains_any(row.abritamr_accession_key,'WP_242934067.1'))",blaIMP-95,Resistant (nonwildtype),AMRrules
Meropenem,Acinetobacter baumannii,AMRrules-ACI0311,AMRrules-downloaded-2026-08-28,"(  contains_any(row.abritamr_accession_key,'WP_242934067.1'))",blaIMP-95,Resistant (nonwildtype),AMRrules
Carbapenem,Acinetobacter baumannii,AMRrules-ACI0312,AMRrules-downloaded-2026-08-28,"(  contains_any(row.abritamr_accession_key,'WP_063860861.1'))",blaNDM-4,Resistant (nonwildtype),AMRrules (PMID: 22252797)
Imipenem,Acinetobacter baumannii,AMRrules-ACI0313,AMRrules-downloaded-2026-08-28,"(  contains_any(row.abritamr_accession_key,'WP_063860861.1'))",blaNDM-4,Resistant (nonwildtype),AMRrules (PMID: 22252797)
Meropenem,Acinetobacter baumannii,AMRrules-ACI0314,AMRrules-downloaded-2026-08-28,"(  contains_any(row.abritamr_accession_key,'WP_063860861.1'))",blaNDM-4,Resistant (nonwildtype),AMRrules (PMID: 22252797)
Carbapenem,Acinetobacter baumannii,AMRrules-ACI0315,AMRrules-downloaded-2026-08-28,"(  contains_any(row.abritamr_accession_key,'WP_023408309.1'))",blaNDM-5,Resistant (nonwildtype),AMRrules (PMID: 21930874)
Imipenem,Acinetobacter baumannii,AMRrules-ACI0316,AMRrules-downloaded-2026-08-28,"(  contains_any(row.abritamr_accession_key,'WP_023408309.1'))",blaNDM-5,Resistant (nonwildtype),AMRrules (PMID: 21930874)
Meropenem,Acinetobacter baumannii,AMRrules-ACI0317,AMRrules-downloaded-2026-08-28,"(  contains_any(row.abritamr_accession_key,'WP_023408309.1'))",blaNDM-5,Resistant (nonwildtype),AMRrules (PMID: 21930874)
Carbapenem,Acinetobacter baumannii,AMRrules-ACI0318,AMRrules-downloaded-2026-08-28,"(  contains_any(row.abritamr_accession_key,'WP_032495622.1'))",blaNDM-7,Resistant (nonwildtype),AMRrules (PMID: 23557929)
Imipenem,Acinetobacter baumannii,AMRrules-ACI0319,AMRrules-downloaded-2026-08-28,"(  contains_any(row.abritamr_accession_key,'WP_032495622.1'))",blaNDM-7,Resistant (nonwildtype),AMRrules (PMID: 23557929)
Meropenem,Acinetobacter baumannii,AMRrules-ACI0320,AMRrules-downloaded-2026-08-28,"(  contains_any(row.abritamr_accession_key,'WP_032495622.1'))",blaNDM-7,Resistant (nonwildtype),AMRrules (PMID: 23557929)
Carbapenem,Acinetobacter baumannii,AMRrules-ACI0321,AMRrules-downloaded-2026-08-28,"(  contains_any(row.abritamr_accession_key,'WP_032495672.1'))",blaNDM-9,Resistant (nonwildtype),AMRrules (PMID: 37700870)
Imipenem,Acinetobacter baumannii,AMRrules-ACI0322,AMRrules-downloaded-2026-08-28,"(  contains_any(row.abritamr_accession_key,'WP_032495672.1'))",blaNDM-9,Resistant (nonwildtype),AMRrules (PMID: 37700870)
Meropenem,Acinetobacter baumannii,AMRrules-ACI0323,AMRrules-downloaded-2026-08-28,"(  contains_any(row.abritamr_accession_key,'WP_032495672.1'))",blaNDM-9,Resistant (nonwildtype),AMRrules (PMID: 37700870)
Carbapenem,Acinetobacter baumannii,AMRrules-ACI0324,AMRrules-downloaded-2026-08-28,"(  contains_any(row.abritamr_accession_key,'WP_223146984.1'))",blaNDM-40,Resistant (nonwildtype),AMRrules
Imipenem,Acinetobacter baumannii,AMRrules-ACI0325,AMRrules-downloaded-2026-08-28,"(  contains_any(row.abritamr_accession_key,'WP_223146984.1'))",blaNDM-40,Resistant (nonwildtype),AMRrules
Meropenem,Acinetobacter baumannii,AMRrules-ACI0326,AMRrules-downloaded-2026-08-28,"(  contains_any(row.abritamr_accession_key,'WP_223146984.1'))",blaNDM-40,Resistant (nonwildtype),AMRrules
Carbapenem,Acinetobacter baumannii,AMRrules-ACI0327,AMRrules-downloaded-2026-08-28,"(  contains_any(row.abritamr_accession_key,'WP_249828064.1'))",blaNDM-42,Resistant (nonwildtype),AMRrules (PMID: 36247096)
Imipenem,Acinetobacter baumannii,AMRrules-ACI0328,AMRrules-downloaded-2026-08-28,"(  contains_any(row.abritamr_accession_key,'WP_249828064.1'))",blaNDM-42,Resistant (nonwildtype),AMRrules (PMID: 36247096)
Meropenem,Acinetobacter baumannii,AMRrules-ACI0329,AMRrules-downloaded-2026-08-28,"(  contains_any(row.abritamr_accession_key,'WP_249828064.1'))",blaNDM-42,Resistant (nonwildtype),AMRrules (PMID: 36247096)
Carbapenem,Acinetobacter baumannii,AMRrules-ACI0333,AMRrules-downloaded-2026-08-28,"(  contains_any(row.abritamr_accession_key,'WP_063865147.1'))",blaTMB-1,Resistant (nonwildtype),AMRrules (PMID: 24449775)
Imipenem,Acinetobacter baumannii,AMRrules-ACI0334,AMRrules-downloaded-2026-08-28,"(  contains_any(row.abritamr_accession_key,'WP_063865147.1'))",blaTMB-1,Resistant (nonwildtype),AMRrules (PMID: 24449775)
Meropenem,Acinetobacter baumannii,AMRrules-ACI0335,AMRrules-downloaded-2026-08-28,"(  contains_any(row.abritamr_accession_key,'WP_063865147.1'))",blaTMB-1,Resistant (nonwildtype),AMRrules (PMID: 24449775)
Carbapenem,Acinetobacter baumannii,AMRrules-ACI0339,AMRrules-downloaded-2026-08-28,"(  contains_any(row.abritamr_accession_key,'WP_013263789.1'))",blaVIM-1,Resistant (nonwildtype),AMRrules (PMID: 16707056)
Imipenem,Acinetobacter baumannii,AMRrules-ACI0340,AMRrules-downloaded-2026-08-28,"(  contains_any(row.abritamr_accession_key,'WP_013263789.1'))",blaVIM-1,Resistant (nonwildtype),AMRrules (PMID: 16707056)
Meropenem,Acinetobacter baumannii,AMRrules-ACI0341,AMRrules-downloaded-2026-08-28,"(  contains_any(row.abritamr_accession_key,'WP_013263789.1'))",blaVIM-1,Resistant (nonwildtype),AMRrules (PMID: 16707056)
Carbapenem,Acinetobacter baumannii,AMRrules-ACI0342,AMRrules-downloaded-2026-08-28,"(  contains_any(row.abritamr_accession_key,'WP_003108247.1'))",blaVIM-2,Resistant (nonwildtype),AMRrules (PMID: 12003980)
Imipenem,Acinetobacter baumannii,AMRrules-ACI0343,AMRrules-downloaded-2026-08-28,"(  contains_any(row.abritamr_accession_key,'WP_003108247.1'))",blaVIM-2,Resistant (nonwildtype),AMRrules (PMID: 12003980)
Meropenem,Acinetobacter baumannii,AMRrules-ACI0344,AMRrules-downloaded-2026-08-28,"(  contains_any(row.abritamr_accession_key,'WP_003108247.1'))",blaVIM-2,Resistant (nonwildtype),AMRrules (PMID: 12003980)
Carbapenem,Acinetobacter baumannii,AMRrules-ACI0345,AMRrules-downloaded-2026-08-28,"(  contains_any(row.abritamr_accession_key,'WP_032492008.1'))",blaVIM-4,Resistant (nonwildtype),AMRrules (PMID: 18190570)
Imipenem,Acinetobacter baumannii,AMRrules-ACI0346,AMRrules-downloaded-2026-08-28,"(  contains_any(row.abritamr_accession_key,'WP_032492008.1'))",blaVIM-4,Resistant (nonwildtype),AMRrules (PMID: 18190570)
Meropenem,Acinetobacter baumannii,AMRrules-ACI0347,AMRrules-downloaded-2026-08-28,"(  contains_any(row.abritamr_accession_key,'WP_032492008.1'))",blaVIM-4,Resistant (nonwildtype),AMRrules (PMID: 18190570)
Carbapenem,Acinetobacter baumannii,AMRrules-ACI0348,AMRrules-downloaded-2026-08-28,"(  contains_any(row.abritamr_accession_key,'WP_032491390.1'))",blaVIM-5,Resistant (nonwildtype),AMRrules (PMID: 15190017)
Imipenem,Acinetobacter baumannii,AMRrules-ACI0349,AMRrules-downloaded-2026-08-28,"(  contains_any(row.abritamr_accession_key,'WP_032491390.1'))",blaVIM-5,Resistant (nonwildtype),AMRrules (PMID: 15190017)
Meropenem,Acinetobacter baumannii,AMRrules-ACI0350,AMRrules-downloaded-2026-08-28,"(  contains_any(row.abritamr_accession_key,'WP_032491390.1'))",blaVIM-5,Resistant (nonwildtype),AMRrules (PMID: 15190017)
Carbapenem,Acinetobacter baumannii,AMRrules-ACI0351,AMRrules-downloaded-2026-08-28,"(  contains_any(row.abritamr_accession_key,'WP_063865201.1'))",blaVIM-6,Resistant (nonwildtype),AMRrules (PMID: 15155248)
Imipenem,Acinetobacter baumannii,AMRrules-ACI0352,AMRrules-downloaded-2026-08-28,"(  contains_any(row.abritamr_accession_key,'WP_063865201.1'))",blaVIM-6,Resistant (nonwildtype),AMRrules (PMID: 15155248)
Meropenem,Acinetobacter baumannii,AMRrules-ACI0353,AMRrules-downloaded-2026-08-28,"(  contains_any(row.abritamr_accession_key,'WP_063865201.1'))",blaVIM-6,Resistant (nonwildtype),AMRrules (PMID: 15155248)
Carbapenem,Acinetobacter baumannii,AMRrules-ACI0354,AMRrules-downloaded-2026-08-28,"(  contains_any(row.abritamr_accession_key,'WP_034080264.1'))",blaVIM-11,Resistant (nonwildtype),AMRrules (PMID: 19040472)
Imipenem,Acinetobacter baumannii,AMRrules-ACI0355,AMRrules-downloaded-2026-08-28,"(  contains_any(row.abritamr_accession_key,'WP_034080264.1'))",blaVIM-11,Resistant (nonwildtype),AMRrules (PMID: 19040472)
Meropenem,Acinetobacter baumannii,AMRrules-ACI0356,AMRrules-downloaded-2026-08-28,"(  contains_any(row.abritamr_accession_key,'WP_034080264.1'))",blaVIM-11,Resistant (nonwildtype),AMRrules (PMID: 19040472)
Carbapenem,Acinetobacter baumannii,AMRrules-ACI0357,AMRrules-downloaded-2026-08-28,"(  contains_any(row.abritamr_accession_key,'WP_063865176.1'))",blaVIM-25,Resistant (nonwildtype),AMRrules (PMID: 31190906)
Imipenem,Acinetobacter baumannii,AMRrules-ACI0358,AMRrules-downloaded-2026-08-28,"(  contains_any(row.abritamr_accession_key,'WP_063865176.1'))",blaVIM-25,Resistant (nonwildtype),AMRrules (PMID: 31190906)
Meropenem,Acinetobacter baumannii,AMRrules-ACI0359,AMRrules-downloaded-2026-08-28,"(  contains_any(row.abritamr_accession_key,'WP_063865176.1'))",blaVIM-25,Resistant (nonwildtype),AMRrules (PMID: 31190906)
Carbapenem,Acinetobacter baumannii,AMRrules-ACI0363,AMRrules-downloaded-2026-08-28,"(  contains_any(row.abritamr_accession_key,'WP_004199234.1'))",blaKPC-2,Resistant (nonwildtype),AMRrules (PMID: 20038618)
Imipenem,Acinetobacter baumannii,AMRrules-ACI0364,AMRrules-downloaded-2026-08-28,"(  contains_any(row.abritamr_accession_key,'WP_004199234.1'))",blaKPC-2,Resistant (nonwildtype),AMRrules (PMID: 20038618)
Meropenem,Acinetobacter baumannii,AMRrules-ACI0365,AMRrules-downloaded-2026-08-28,"(  contains_any(row.abritamr_accession_key,'WP_004199234.1'))",blaKPC-2,Resistant (nonwildtype),AMRrules (PMID: 20038618)
Carbapenem,Acinetobacter baumannii,AMRrules-ACI0366,AMRrules-downloaded-2026-08-28,"(  contains_any(row.abritamr_accession_key,'WP_004152396.1'))",blaKPC-3,Resistant (nonwildtype),AMRrules (PMID: 20038618)
Imipenem,Acinetobacter baumannii,AMRrules-ACI0367,AMRrules-downloaded-2026-08-28,"(  contains_any(row.abritamr_accession_key,'WP_004152396.1'))",blaKPC-3,Resistant (nonwildtype),AMRrules (PMID: 20038618)
Meropenem,Acinetobacter baumannii,AMRrules-ACI0368,AMRrules-downloaded-2026-08-28,"(  contains_any(row.abritamr_accession_key,'WP_004152396.1'))",blaKPC-3,Resistant (nonwildtype),AMRrules (PMID: 20038618)
Carbapenem,Acinetobacter baumannii,AMRrules-ACI0369,AMRrules-downloaded-2026-08-28,"(  contains_any(row.abritamr_accession_key,'WP_063860633.1'))",blaKPC-10,Intermediate (nonwildtype),AMRrules (PMID: 20038618)
Imipenem,Acinetobacter baumannii,AMRrules-ACI0370,AMRrules-downloaded-2026-08-28,"(  contains_any(row.abritamr_accession_key,'WP_063860633.1'))",blaKPC-10,Intermediate (nonwildtype),AMRrules (PMID: 20038618)
Meropenem,Acinetobacter baumannii,AMRrules-ACI0371,AMRrules-downloaded-2026-08-28,"(  contains_any(row.abritamr_accession_key,'WP_063860633.1'))",blaKPC-10,Intermediate (nonwildtype),AMRrules (PMID: 20038618)
Levofloxacin,Acinetobacter baumannii,AMRrules-ACI0374,AMRrules-downloaded-2026-08-28,"(  contains_any(row.abritamr_accession_key,'WP_000116450.1'))",gyrA,Susceptible (wildtype),AMRrules (PMID: 7625818)
Ciprofloxacin,Acinetobacter baumannii,AMRrules-ACI0375,AMRrules-downloaded-2026-08-28,"(  contains_any(row.abritamr_accession_key,'WP_000116450.1'))",gyrA,Intermediate (wildtype),AMRrules (PMID: 7625818)
Fluoroquinolone antibiotic,Acinetobacter baumannii,AMRrules-ACI0376,AMRrules-downloaded-2026-08-28,"(contains_any(row.amrrules_mutation, 'p.Ser81Leu') &&   contains_any(row.abritamr_accession_key,'WP_000116450.1'))",gyrA,Resistant (nonwildtype),AMRrules (PMID: 7625818)
Ciprofloxacin,Acinetobacter baumannii,AMRrules-ACI0377,AMRrules-downloaded-2026-08-28,"(contains_any(row.amrrules_mutation, 'p.Ser81Leu') &&   contains_any(row.abritamr_accession_key,'WP_000116450.1'))",gyrA,Resistant (nonwildtype),AMRrules (PMID: 7625818)
Fluoroquinolone antibiotic,Acinetobacter baumannii,AMRrules-ACI0378,AMRrules-downloaded-2026-08-28,"(contains_any(row.amrrules_mutation, 'p.Gly79Val') &&   contains_any(row.abritamr_accession_key,'WP_000116450.1'))",gyrA,Resistant (nonwildtype),AMRrules (PMID: 7625818)
Levofloxacin,Acinetobacter baumannii,AMRrules-ACI0379,AMRrules-downloaded-2026-08-28,"(contains_any(row.amrrules_mutation, 'p.Gly79Val') &&   contains_any(row.abritamr_accession_key,'WP_000116450.1'))",gyrA,Resistant (nonwildtype),AMRrules (PMID: 7625818)
Ciprofloxacin,Acinetobacter baumannii,AMRrules-ACI0380,AMRrules-downloaded-2026-08-28,"(contains_any(row.amrrules_mutation, 'p.Gly79Val') &&   contains_any(row.abritamr_accession_key,'WP_000116450.1'))",gyrA,Resistant (nonwildtype),AMRrules (PMID: 7625818)
Fluoroquinolone antibiotic,Acinetobacter baumannii,AMRrules-ACI0381,AMRrules-downloaded-2026-08-28,"(contains_any(row.amrrules_mutation, 'p.Gly79Asp') &&   contains_any(row.abritamr_accession_key,'WP_000116450.1'))",gyrA,Resistant (nonwildtype),AMRrules (PMID: 26221488)
Levofloxacin,Acinetobacter baumannii,AMRrules-ACI0382,AMRrules-downloaded-2026-08-28,"(contains_any(row.amrrules_mutation, 'p.Gly79Asp') &&   contains_any(row.abritamr_accession_key,'WP_000116450.1'))",gyrA,Resistant (nonwildtype),AMRrules (PMID: 26221488)
Ciprofloxacin,Acinetobacter baumannii,AMRrules-ACI0383,AMRrules-downloaded-2026-08-28,"(contains_any(row.amrrules_mutation, 'p.Gly79Asp') &&   contains_any(row.abritamr_accession_key,'WP_000116450.1'))",gyrA,Resistant (nonwildtype),AMRrules (PMID: 26221488)
Fluoroquinolone antibiotic,Acinetobacter baumannii,AMRrules-ACI0384,AMRrules-downloaded-2026-08-28,"(contains_any(row.amrrules_mutation, 'p.Gly79Cys') &&   contains_any(row.abritamr_accession_key,'WP_000116450.1'))",gyrA,Resistant (nonwildtype),"AMRrules (PMID: 33776950, 15282231)"
Levofloxacin,Acinetobacter baumannii,AMRrules-ACI0385,AMRrules-downloaded-2026-08-28,"(contains_any(row.amrrules_mutation, 'p.Gly79Cys') &&   contains_any(row.abritamr_accession_key,'WP_000116450.1'))",gyrA,Resistant (nonwildtype),"AMRrules (PMID: 33776950, 15282231)"
Ciprofloxacin,Acinetobacter baumannii,AMRrules-ACI0386,AMRrules-downloaded-2026-08-28,"(contains_any(row.amrrules_mutation, 'p.Gly79Cys') &&   contains_any(row.abritamr_accession_key,'WP_000116450.1'))",gyrA,Resistant (nonwildtype),AMRrules (PMID: 33776950)
Fluoroquinolone antibiotic,Acinetobacter baumannii,AMRrules-ACI0387,AMRrules-downloaded-2026-08-28,"(contains_any(row.amrrules_mutation, 'p.Ser95Thr') &&   contains_any(row.abritamr_accession_key,'WP_000116450.1'))",gyrA,Resistant (nonwildtype),AMRrules (PMID: 33776950)
Levofloxacin,Acinetobacter baumannii,AMRrules-ACI0388,AMRrules-downloaded-2026-08-28,"(contains_any(row.amrrules_mutation, 'p.Ser95Thr') &&   contains_any(row.abritamr_accession_key,'WP_000116450.1'))",gyrA,Resistant (nonwildtype),AMRrules (PMID: 33776950)
Ciprofloxacin,Acinetobacter baumannii,AMRrules-ACI0389,AMRrules-downloaded-2026-08-28,"(contains_any(row.amrrules_mutation, 'p.Ser95Thr') &&   contains_any(row.abritamr_accession_key,'WP_000116450.1'))",gyrA,Resistant (nonwildtype),AMRrules (PMID: 33776950)
Fluoroquinolone antibiotic,Acinetobacter baumannii,AMRrules-ACI0390,AMRrules-downloaded-2026-08-28,"(contains_any(row.amrrules_mutation, 'p.Ser81Phe') &&   contains_any(row.abritamr_accession_key,'WP_000116450.1'))",gyrA,Resistant (nonwildtype),AMRrules (PMID: 11864339)
Levofloxacin,Acinetobacter baumannii,AMRrules-ACI0391,AMRrules-downloaded-2026-08-28,"(contains_any(row.amrrules_mutation, 'p.Ser81Phe') &&   contains_any(row.abritamr_accession_key,'WP_000116450.1'))",gyrA,Resistant (nonwildtype),AMRrules (PMID: 11864339)
Ciprofloxacin,Acinetobacter baumannii,AMRrules-ACI0392,AMRrules-downloaded-2026-08-28,"(contains_any(row.amrrules_mutation, 'p.Ser81Phe') &&   contains_any(row.abritamr_accession_key,'WP_000116450.1'))",gyrA,Resistant (nonwildtype),AMRrules (PMID: 11864339)
Fluoroquinolone antibiotic,Acinetobacter baumannii,AMRrules-ACI0393,AMRrules-downloaded-2026-08-28,"(contains_any(row.amrrules_mutation, 'p.Ala82Pro') &&   contains_any(row.abritamr_accession_key,'WP_000116450.1'))",gyrA,Resistant (nonwildtype),AMRrules (PMID: 7625818)
Levofloxacin,Acinetobacter baumannii,AMRrules-ACI0394,AMRrules-downloaded-2026-08-28,"(contains_any(row.amrrules_mutation, 'p.Ala82Pro') &&   contains_any(row.abritamr_accession_key,'WP_000116450.1'))",gyrA,Resistant (nonwildtype),AMRrules (PMID: 7625818)
Ciprofloxacin,Acinetobacter baumannii,AMRrules-ACI0395,AMRrules-downloaded-2026-08-28,"(contains_any(row.amrrules_mutation, 'p.Ala82Pro') &&   contains_any(row.abritamr_accession_key,'WP_000116450.1'))",gyrA,Resistant (nonwildtype),AMRrules (PMID: 7625818)
Fluoroquinolone antibiotic,Acinetobacter baumannii,AMRrules-ACI0396,AMRrules-downloaded-2026-08-28,"(  contains_any(row.abritamr_accession_key,'WP_000116450.1'))",parC,Susceptible (wildtype),AMRrules (PMID: 9222045)
Levofloxacin,Acinetobacter baumannii,AMRrules-ACI0397,AMRrules-downloaded-2026-08-28,"(  contains_any(row.abritamr_accession_key,'WP_000116450.1'))",parC,Susceptible (wildtype),AMRrules (PMID: 9222045)
Ciprofloxacin,Acinetobacter baumannii,AMRrules-ACI0398,AMRrules-downloaded-2026-08-28,"(  contains_any(row.abritamr_accession_key,'WP_000116450.1'))",parC,Intermediate (wildtype),AMRrules (PMID: 9222045)
Fluoroquinolone antibiotic,Acinetobacter baumannii,AMRrules-ACI0399,AMRrules-downloaded-2026-08-28,"(contains_any(row.amrrules_mutation, 'p.Ser84Leu') &&   contains_any(row.abritamr_accession_key,'WP_000116450.1'))",parC,Susceptible (nonwildtype),AMRrules (PMID: 36010006)
Levofloxacin,Acinetobacter baumannii,AMRrules-ACI0400,AMRrules-downloaded-2026-08-28,"(contains_any(row.amrrules_mutation, 'p.Ser84Leu') &&   contains_any(row.abritamr_accession_key,'WP_000116450.1'))",parC,Susceptible (nonwildtype),AMRrules
Ciprofloxacin,Acinetobacter baumannii,AMRrules-ACI0401,AMRrules-downloaded-2026-08-28,"(contains_any(row.amrrules_mutation, 'p.Ser84Leu') &&   contains_any(row.abritamr_accession_key,'WP_000116450.1'))",parC,Intermediate (nonwildtype),AMRrules (PMID: 36010006)
Chloramphenicol,Acinetobacter baumannii,AMRrules-ACI0404,AMRrules-downloaded-2026-08-28,"(  contains_any(row.abritamr_accession_key,'WP_000790118.1'))",craA,Resistant (wildtype),AMRrules (PMID: 19581458)
Fosfomycin,Acinetobacter baumannii,AMRrules-ACI0407,AMRrules-downloaded-2026-08-28,"(  contains_any(row.abritamr_accession_key,'WP_000214022.1'))",abaF,Resistant (wildtype),AMRrules (PMID: 27650185)
Fosfomycin,Acinetobacter baumannii,AMRrules-ACI0408,AMRrules-downloaded-2026-08-28,"(  contains_any(row.abritamr_accession_key,'WP_000214022.1'))",abaF,Susceptible (nonwildtype),AMRrules (PMID: 27650185)
Chloramphenicol,Acinetobacter baumannii,AMRrules-ACI0409,AMRrules-downloaded-2026-08-28,"(  contains_any(row.abritamr_accession_key,'WP_000790118.1'))",craA,Susceptible (nonwildtype),AMRrules (PMID: 19581458)
