drugname,species,amrrules_species,rule_id,rule_version,rule,original_rule,inferred,source
Azithromycin,Legionella,Legionella pneumophila,AMRrules-LEG0002,AMRrules-downloaded-2026-10-02,"(  contains_any(row.abritamr_accession_key,'WP_015961835.1'))",lpeA,Susceptible (nonwildtype),"AMRrules (PMID: 28137939, 28782709)"
Azithromycin,Legionella,Legionella pneumophila,AMRrules-LEG0003,AMRrules-downloaded-2026-10-02,"(  contains_any(row.abritamr_accession_key,'WP_015961836.1'))",lpeB,Susceptible (nonwildtype),"AMRrules (PMID: 28137939, 28782709)"
Azithromycin,Legionella,Legionella pneumophila,AMRrules-LEG0024,AMRrules-downloaded-2026-10-02,"(contains_any(row.amrrules_mutation, 'p.Gln62Lys') &&   contains_any(row.abritamr_accession_key,'WP_011213008.1'))",rplD,Resistant (nonwildtype),AMRrules (PMID: 28069647)
Azithromycin,Legionella,Legionella pneumophila,AMRrules-LEG0025,AMRrules-downloaded-2026-10-02,"(contains_any(row.amrrules_mutation, 'p.Gln62Arg') &&   contains_any(row.abritamr_accession_key,'WP_011213008.1'))",rplD,Resistant (nonwildtype),AMRrules (PMID: 28069647)
Azithromycin,Legionella,Legionella pneumophila,AMRrules-LEG0026,AMRrules-downloaded-2026-10-02,"(contains_any(row.amrrules_mutation, 'p.Lys63Gln') &&   contains_any(row.abritamr_accession_key,'WP_011213008.1'))",rplD,Resistant (nonwildtype),AMRrules (PMID: 28069647)
Azithromycin,Legionella,Legionella pneumophila,AMRrules-LEG0027,AMRrules-downloaded-2026-10-02,"(contains_any(row.amrrules_mutation, 'p.Gly64Glu') &&   contains_any(row.abritamr_accession_key,'WP_011213008.1'))",rplD,Resistant (nonwildtype),AMRrules (PMID: 28069647)
Azithromycin,Legionella,Legionella pneumophila,AMRrules-LEG0028,AMRrules-downloaded-2026-10-02,"(contains_any(row.amrrules_mutation, 'p.Gly65Asn') &&   contains_any(row.abritamr_accession_key,'WP_011213008.1'))",rplD,Resistant (nonwildtype),AMRrules (PMID: 28069647)
Azithromycin,Legionella,Legionella pneumophila,AMRrules-LEG0029,AMRrules-downloaded-2026-10-02,"(contains_any(row.amrrules_mutation, 'p.Gly66Asp') &&   contains_any(row.abritamr_accession_key,'WP_011213008.1'))",rplD,Resistant (nonwildtype),AMRrules (PMID: 28069647)
Azithromycin,Legionella,Legionella pneumophila,AMRrules-LEG0030,AMRrules-downloaded-2026-10-02,"(contains_any(row.amrrules_mutation, 'p.Gly66Ser') &&   contains_any(row.abritamr_accession_key,'WP_011213008.1'))",rplD,Resistant (nonwildtype),AMRrules (PMID: 28069647)
Azithromycin,Legionella,Legionella pneumophila,AMRrules-LEG0031,AMRrules-downloaded-2026-10-02,"(contains_any(row.amrrules_mutation, 'p.Gly66Ala') &&   contains_any(row.abritamr_accession_key,'WP_011213008.1'))",rplD,Resistant (nonwildtype),AMRrules (PMID: 28069647)
Azithromycin,Legionella,Legionella pneumophila,AMRrules-LEG0032,AMRrules-downloaded-2026-10-02,"(contains_any(row.amrrules_mutation, 'p.Gly66Arg') &&   contains_any(row.abritamr_accession_key,'WP_011213008.1'))",rplD,Resistant (nonwildtype),AMRrules (PMID: 28069647)
Azithromycin,Legionella,Legionella pneumophila,AMRrules-LEG0033,AMRrules-downloaded-2026-10-02,"(contains_any(row.amrrules_mutation, 'p.Thr65Lys') &&   contains_any(row.abritamr_accession_key,'WP_011213008.1'))",rplD,Resistant (nonwildtype),AMRrules (PMID: 28069647)
Azithromycin,Legionella,Legionella pneumophila,AMRrules-LEG0034,AMRrules-downloaded-2026-10-02,"(contains_any(row.amrrules_mutation, 'p.Lys63_Gly64del') &&   contains_any(row.abritamr_accession_key,'WP_011213008.1'))",rplD,Resistant (nonwildtype),AMRrules (PMID: 28069647)
Erythromycin,Legionella,Legionella pneumophila,AMRrules-LEG0035,AMRrules-downloaded-2026-10-02,"(contains_any(row.amrrules_mutation, 'p.Glu62Lys') &&   contains_any(row.abritamr_accession_key,'WP_011213008.1'))",rplD,Resistant (nonwildtype),AMRrules (PMID: 28069647)
Erythromycin,Legionella,Legionella pneumophila,AMRrules-LEG0036,AMRrules-downloaded-2026-10-02,"(contains_any(row.amrrules_mutation, 'p.Glu62Arg') &&   contains_any(row.abritamr_accession_key,'WP_011213008.1'))",rplD,Resistant (nonwildtype),AMRrules (PMID: 28069647)
Erythromycin,Legionella,Legionella pneumophila,AMRrules-LEG0037,AMRrules-downloaded-2026-10-02,"(contains_any(row.amrrules_mutation, 'p.Lys63Gln') &&   contains_any(row.abritamr_accession_key,'WP_011213008.1'))",rplD,Resistant (nonwildtype),AMRrules (PMID: 28069647)
Erythromycin,Legionella,Legionella pneumophila,AMRrules-LEG0038,AMRrules-downloaded-2026-10-02,"(contains_any(row.amrrules_mutation, 'p.Gly64Glu') &&   contains_any(row.abritamr_accession_key,'WP_011213008.1'))",rplD,Resistant (nonwildtype),AMRrules (PMID: 28069647)
Erythromycin,Legionella,Legionella pneumophila,AMRrules-LEG0039,AMRrules-downloaded-2026-10-02,"(contains_any(row.amrrules_mutation, 'p.Lys65Asn') &&   contains_any(row.abritamr_accession_key,'WP_011213008.1'))",rplD,Resistant (nonwildtype),AMRrules (PMID: 28069647)
Erythromycin,Legionella,Legionella pneumophila,AMRrules-LEG0040,AMRrules-downloaded-2026-10-02,"(contains_any(row.amrrules_mutation, 'p.Gly66Asp') &&   contains_any(row.abritamr_accession_key,'WP_011213008.1'))",rplD,Resistant (nonwildtype),AMRrules (PMID: 28069647)
Erythromycin,Legionella,Legionella pneumophila,AMRrules-LEG0041,AMRrules-downloaded-2026-10-02,"(contains_any(row.amrrules_mutation, 'p.Gly66Ser') &&   contains_any(row.abritamr_accession_key,'WP_011213008.1'))",rplD,Resistant (nonwildtype),AMRrules (PMID: 28069647)
Erythromycin,Legionella,Legionella pneumophila,AMRrules-LEG0042,AMRrules-downloaded-2026-10-02,"(contains_any(row.amrrules_mutation, 'p.Gly66Ala') &&   contains_any(row.abritamr_accession_key,'WP_011213008.1'))",rplD,Resistant (nonwildtype),AMRrules (PMID: 28069647)
Erythromycin,Legionella,Legionella pneumophila,AMRrules-LEG0043,AMRrules-downloaded-2026-10-02,"(contains_any(row.amrrules_mutation, 'p.Gly66Arg') &&   contains_any(row.abritamr_accession_key,'WP_011213008.1'))",rplD,Resistant (nonwildtype),AMRrules (PMID: 28069647)
Erythromycin,Legionella,Legionella pneumophila,AMRrules-LEG0044,AMRrules-downloaded-2026-10-02,"(contains_any(row.amrrules_mutation, 'p.Thr65Lys') &&   contains_any(row.abritamr_accession_key,'WP_011213008.1'))",rplD,Resistant (nonwildtype),AMRrules (PMID: 28069647)
Erythromycin,Legionella,Legionella pneumophila,AMRrules-LEG0045,AMRrules-downloaded-2026-10-02,"(contains_any(row.amrrules_mutation, 'p.Lys63_Gly64del') &&   contains_any(row.abritamr_accession_key,'WP_011213008.1'))",rplD,Resistant (nonwildtype),AMRrules (PMID: 28069647)
Azithromycin,Legionella,Legionella pneumophila,AMRrules-LEG0046,AMRrules-downloaded-2026-10-02,"(contains_any(row.amrrules_mutation, 'p.Pro87Leu') &&   contains_any(row.abritamr_accession_key,'WP_010946083.1'))",rplV,Resistant (nonwildtype),AMRrules (PMID: 28069647)
Azithromycin,Legionella,Legionella pneumophila,AMRrules-LEG0047,AMRrules-downloaded-2026-10-02,"(contains_any(row.amrrules_mutation, 'p.Lys90Met') &&   contains_any(row.abritamr_accession_key,'WP_010946083.1'))",rplV,Resistant (nonwildtype),AMRrules (PMID: 28069647)
Azithromycin,Legionella,Legionella pneumophila,AMRrules-LEG0048,AMRrules-downloaded-2026-10-02,"(contains_any(row.amrrules_mutation, 'p.Gly91Asp') &&   contains_any(row.abritamr_accession_key,'WP_010946083.1'))",rplV,Resistant (nonwildtype),AMRrules (PMID: 28069647)
Erythromycin,Legionella,Legionella pneumophila,AMRrules-LEG0049,AMRrules-downloaded-2026-10-02,"(contains_any(row.amrrules_mutation, 'p.Pro87Leu') &&   contains_any(row.abritamr_accession_key,'WP_010946083.1'))",rplV,Resistant (nonwildtype),AMRrules (PMID: 28069647)
Erythromycin,Legionella,Legionella pneumophila,AMRrules-LEG0050,AMRrules-downloaded-2026-10-02,"(contains_any(row.amrrules_mutation, 'p.Lys90Met') &&   contains_any(row.abritamr_accession_key,'WP_010946083.1'))",rplV,Resistant (nonwildtype),AMRrules (PMID: 28069647)
Erythromycin,Legionella,Legionella pneumophila,AMRrules-LEG0051,AMRrules-downloaded-2026-10-02,"(contains_any(row.amrrules_mutation, 'p.Gly91Asp') &&   contains_any(row.abritamr_accession_key,'WP_010946083.1'))",rplV,Resistant (nonwildtype),AMRrules (PMID: 28069647)
Moxifloxacin,Legionella,Legionella pneumophila,AMRrules-LEG0052,AMRrules-downloaded-2026-10-02,"(contains_any(row.amrrules_mutation, 'p.Thr83Ile') &&   contains_any(row.abritamr_accession_key,'WP_011946431.1'))",gyrA,Resistant (nonwildtype),AMRrules (PMID: 19474069)
Moxifloxacin,Legionella,Legionella pneumophila,AMRrules-LEG0053,AMRrules-downloaded-2026-10-02,"(contains_any(row.amrrules_mutation, 'p.Asp87Asn') &&   contains_any(row.abritamr_accession_key,'WP_011946431.1'))",gyrA,Resistant (nonwildtype),AMRrules (PMID: 19474069)
Ciprofloxacin,Legionella,Legionella pneumophila,AMRrules-LEG0054,AMRrules-downloaded-2026-10-02,"(contains_any(row.amrrules_mutation, 'p.Thr83Ile') &&   contains_any(row.abritamr_accession_key,'WP_011946431.1'))",gyrA,Resistant (nonwildtype),AMRrules (PMID: 24898020)
Moxifloxacin,Legionella,Legionella pneumophila,AMRrules-LEG0055,AMRrules-downloaded-2026-10-02,"(contains_any(row.amrrules_mutation, 'p.Gly84Asp') &&   contains_any(row.abritamr_accession_key,'WP_011947877.1'))",parC,Resistant (nonwildtype),AMRrules (PMID: 19474069)
Moxifloxacin,Legionella,Legionella pneumophila,AMRrules-LEG0056,AMRrules-downloaded-2026-10-02,"(contains_any(row.amrrules_mutation, 'p.Ser86Arg') &&   contains_any(row.abritamr_accession_key,'WP_011947877.1'))",parC,Resistant (nonwildtype),AMRrules (PMID: 19474069)
Moxifloxacin,Legionella,Legionella pneumophila,AMRrules-LEG0057,AMRrules-downloaded-2026-10-02,"(contains_any(row.amrrules_mutation, 'p.Ser465Tyr') &&   contains_any(row.abritamr_accession_key,'CAH11152.1'))",gyrB,Resistant (nonwildtype),AMRrules (PMID: 19474069)
Moxifloxacin,Legionella,Legionella pneumophila,AMRrules-LEG0058,AMRrules-downloaded-2026-10-02,"(contains_any(row.amrrules_mutation, 'p.Asp427Asn') &&   contains_any(row.abritamr_accession_key,'CAH11152.1'))",gyrB,Resistant (nonwildtype),AMRrules (PMID: 19474069)
Tetracycline,Legionella,Legionella longbeachae,AMRrules-LEG0059,AMRrules-downloaded-2026-10-02,"(  contains_any(row.abritamr_accession_key,'WP_003635403.1'))",tet(56),Resistant (nonwildtype),AMRrules (PMID: 26097034)
Penicillin beta-lactam,Legionella,g,AMRrules-LEG0060,AMRrules-downloaded-2026-10-02,"(  contains_any(row.abritamr_accession_key,'WP_014845076.1'))",blaOXA-29,Susceptible (wildtype),AMRrules (PMID: 11709332)
Cefazolin,Legionella,g,AMRrules-LEG0061,AMRrules-downloaded-2026-10-02,"(  contains_any(row.abritamr_accession_key,'WP_014845076.1'))",blaOXA-29,Susceptible (wildtype),AMRrules (PMID: 11709332)
Rifampin,Legionella,g,AMRrules-LEG0062,AMRrules-downloaded-2026-10-02,"(contains_any(row.amrrules_mutation, 'p.Glu528Leu') &&   contains_any(row.abritamr_accession_key,'WP_004450481.1'))",rpoB,Resistant (nonwildtype),AMRrules (PMID: 10991843)
Rifampin,Legionella,g,AMRrules-LEG0063,AMRrules-downloaded-2026-10-02,"(contains_any(row.amrrules_mutation, 'p.Glu528Lys') &&   contains_any(row.abritamr_accession_key,'WP_004450481.1'))",rpoB,Resistant (nonwildtype),AMRrules (PMID: 10991843)
Rifampin,Legionella,g,AMRrules-LEG0064,AMRrules-downloaded-2026-10-02,"(contains_any(row.amrrules_mutation, 'p.Asp531Asn') &&   contains_any(row.abritamr_accession_key,'WP_004450481.1'))",rpoB,Resistant (nonwildtype),AMRrules (PMID: 10991843)
Rifampin,Legionella,Legionella pneumophila,AMRrules-LEG0065,AMRrules-downloaded-2026-10-02,"(contains_any(row.amrrules_mutation, 'p.Ser537Phe') &&   contains_any(row.abritamr_accession_key,'WP_004450481.1'))",rpoB,Resistant (nonwildtype),AMRrules (PMID: 10991843)
Rifampin,Legionella,Legionella pneumophila,AMRrules-LEG0066,AMRrules-downloaded-2026-10-02,"(contains_any(row.amrrules_mutation, 'p.His541Tyr') &&   contains_any(row.abritamr_accession_key,'WP_004450481.1'))",rpoB,Resistant (nonwildtype),AMRrules (PMID: 10991843)
Rifampin,Legionella,Legionella pneumophila,AMRrules-LEG0067,AMRrules-downloaded-2026-10-02,"(contains_any(row.amrrules_mutation, 'p.Arg544His') &&   contains_any(row.abritamr_accession_key,'WP_004450481.1'))",rpoB,Resistant (nonwildtype),AMRrules (PMID: 10991843)
